96466.0,0.12,-0.02,-0.99,0.030483,-0.908432,-0.413455,-0.05364
96476.0,0.12,-0.02,-0.99,0.030414,-0.908452,-0.413404,-0.053722
96486.0,0.12,-0.03,-1.0,0.03037,-0.908461,-0.413379,-0.053796
96496.0,0.12,-0.02,-0.99,0.030347,-0.90846,-0.413375,-0.053856
96506.0,0.11,-0.02,-1.0,0.030324,-0.90846,-0.413371,-0.0539
96516.0,0.11,-0.03,-1.0,0.030284,-0.908456,-0.413375,-0.05396
96526.0,0.11,-0.03,-1.0,0.030222,-0.908454,-0.413376,-0.05402
96536.0,0.11,-0.02,-1.01,0.03014,-0.908447,-0.413388,-0.054098
96546.0,0.1,-0.02,-1.01,0.030069,-0.908437,-0.413405,-0.054179
96556.0,0.11,-0.02,-1.01,0.030032,-0.908423,-0.413428,-0.054254
96566.0,0.1,-0.03,-1.01,0.030025,-0.908411,-0.413438,-0.05437
96576.0,0.1,-0.02,-1.0,0.030079,-0.908396,-0.413453,-0.054484
96586.0,0.11,-0.02,-1.0,0.030185,-0.90838,-0.413466,-0.054592
96596.0,0.1,-0.01,-0.99,0.030308,-0.908367,-0.413469,-0.054712
96606.0,0.12,0.0,-0.97,0.03042,-0.908353,-0.413479,-0.054811
96616.0,0.11,-0.0,-0.99,0.03046,-0.90835,-0.413475,-0.054867
96626.0,0.11,-0.0,-0.99,0.030491,-0.908365,-0.413443,-0.054842
96636.0,0.12,0.01,-1.0,0.030503,-0.908393,-0.413386,-0.054802
96646.0,0.12,0.01,-0.99,0.030482,-0.908439,-0.413293,-0.054756
96656.0,0.13,0.0,-0.99,0.030471,-0.908508,-0.413143,-0.054743
96666.0,0.14,0.0,-0.99,0.030499,-0.908609,-0.412921,-0.054738
96676.0,0.13,-0.01,-0.99,0.030511,-0.908735,-0.41264,-0.054751
96686.0,0.13,-0.02,-0.99,0.030467,-0.908886,-0.412307,-0.054776
96696.0,0.12,-0.03,-1.0,0.030312,-0.909043,-0.411965,-0.054827
96706.0,0.11,-0.02,-1.01,0.030109,-0.909185,-0.411659,-0.054884
96716.0,0.13,-0.02,-1.0,0.029915,-0.909313,-0.411383,-0.054936
96726.0,0.12,-0.03,-1.0,0.029779,-0.909432,-0.411124,-0.054989
96736.0,0.13,-0.01,-1.0,0.029703,-0.909531,-0.4109,-0.055059
96746.0,0.13,-0.01,-1.01,0.029651,-0.909619,-0.410697,-0.055146
96756.0,0.13,-0.03,-0.99,0.029664,-0.9097,-0.41051,-0.055201
96766.0,0.12,-0.03,-1.0,0.029684,-0.909775,-0.410334,-0.055256
96776.0,0.12,-0.04,-1.0,0.029671,-0.909843,-0.410179,-0.055307
96786.0,0.12,-0.02,-0.99,0.029579,-0.909907,-0.410031,-0.055393
96796.0,0.12,-0.01,-0.99,0.029379,-0.909976,-0.409879,-0.055501
96806.0,0.13,-0.02,-0.99,0.029154,-0.910049,-0.40972,-0.055594
96816.0,0.13,-0.02,-1.0,0.02895,-0.91012,-0.409566,-0.055675
96826.0,0.13,-0.02,-0.99,0.028789,-0.910185,-0.409425,-0.05573
96836.0,0.13,-0.01,-1.0,0.028685,-0.910244,-0.409291,-0.055793
96846.0,0.14,-0.02,-0.99,0.02861,-0.910309,-0.409141,-0.055884
96856.0,0.13,-0.03,-1.01,0.028547,-0.910366,-0.409,-0.056018
96866.0,0.13,-0.01,-1.04,0.028447,-0.910416,-0.408874,-0.056168
96876.0,0.13,0.02,-0.96,0.028341,-0.910466,-0.408754,-0.056284
96886.0,0.12,-0.03,-0.95,0.028264,-0.910531,-0.408608,-0.056339
96896.0,0.12,-0.0,-1.0,0.028217,-0.910582,-0.408496,-0.056347
96906.0,0.13,-0.01,-1.0,0.028074,-0.910658,-0.40833,-0.056396
96916.0,0.12,-0.0,-0.97,0.027867,-0.910733,-0.408167,-0.056476
96926.0,0.12,-0.01,-0.99,0.027592,-0.910808,-0.408006,-0.05656
96936.0,0.13,-0.01,-0.99,0.027309,-0.910884,-0.407844,-0.056645
96946.0,0.13,0.01,-0.99,0.027089,-0.910957,-0.407688,-0.056686
96956.0,0.13,-0.0,-0.98,0.026936,-0.911039,-0.407518,-0.056666
96966.0,0.12,-0.0,-1.01,0.026843,-0.911124,-0.407342,-0.056621
96976.0,0.12,-0.01,-0.99,0.026814,-0.911207,-0.407161,-0.056587
96986.0,0.13,-0.02,-1.0,0.026824,-0.911284,-0.40699,-0.056574
96996.0,0.13,0.01,-1.0,0.026777,-0.911363,-0.406814,-0.056586
97006.0,0.14,-0.0,-0.99,0.026646,-0.911455,-0.406607,-0.056652
97016.0,0.13,0.0,-1.01,0.02647,-0.911563,-0.406365,-0.056739
97026.0,0.13,-0.0,-1.02,0.026271,-0.911678,-0.406103,-0.056863
97036.0,0.12,0.0,-1.02,0.026086,-0.911797,-0.405833,-0.056979
97046.0,0.12,-0.0,-1.02,0.025941,-0.911911,-0.405565,-0.057116
97056.0,0.12,-0.01,-0.99,0.025845,-0.912017,-0.405312,-0.05726
97067.0,0.12,-0.02,-1.0,0.025786,-0.912116,-0.405078,-0.057371
97076.0,0.12,-0.02,-1.0,0.025759,-0.912195,-0.404892,-0.057439
97086.0,0.13,-0.01,-1.0,0.025745,-0.912264,-0.404733,-0.057476
97096.0,0.13,-0.02,-0.99,0.025717,-0.912323,-0.404597,-0.05751
97106.0,0.14,-0.01,-0.98,0.025659,-0.912374,-0.404477,-0.057555
97116.0,0.13,0.0,-0.99,0.025549,-0.912423,-0.404368,-0.057603
97126.0,0.12,0.0,-0.99,0.025344,-0.91248,-0.404246,-0.057646
97136.0,0.12,-0.01,-0.99,0.025066,-0.912549,-0.404101,-0.057695
97146.0,0.12,0.01,-1.0,0.024717,-0.912637,-0.403913,-0.05776
97156.0,0.11,0.01,-1.0,0.02433,-0.912731,-0.403711,-0.05786
97166.0,0.12,0.01,-1.0,0.024066,-0.912822,-0.403504,-0.057981
97176.0,0.12,0.01,-0.99,0.023932,-0.91291,-0.403296,-0.058098
97186.0,0.12,-0.01,-1.01,0.02391,-0.913008,-0.40306,-0.058196
97196.0,0.14,-0.02,-1.0,0.023927,-0.913102,-0.402833,-0.058293
97206.0,0.13,-0.0,-1.0,0.023927,-0.913188,-0.402619,-0.058417
97216.0,0.12,0.01,-0.98,0.023849,-0.913274,-0.402409,-0.058562
97226.0,0.13,0.01,-1.0,0.023733,-0.913369,-0.402186,-0.058659
97236.0,0.13,0.01,-1.0,0.023642,-0.913473,-0.401947,-0.058706
97246.0,0.13,0.02,-1.0,0.023518,-0.913587,-0.401685,-0.058776
97256.0,0.12,0.02,-1.0,0.023321,-0.913702,-0.40142,-0.058881
97267.0,0.13,0.01,-1.0,0.02309,-0.913828,-0.401128,-0.058997
97276.0,0.12,0.01,-0.99,0.022896,-0.913975,-0.400792,-0.059089
97286.0,0.12,-0.01,-1.0,0.022824,-0.914133,-0.400425,-0.059167
97296.0,0.13,-0.01,-1.01,0.0229,-0.914291,-0.400044,-0.059262
97306.0,0.12,-0.03,-1.02,0.022937,-0.914447,-0.399664,-0.059406
97316.0,0.13,-0.02,-1.01,0.022885,-0.914598,-0.399294,-0.059595
97327.0,0.12,-0.01,-1.01,0.022783,-0.914746,-0.398928,-0.059811
97336.0,0.13,0.0,-1.01,0.022691,-0.914886,-0.398578,-0.060043
97346.0,0.13,0.01,-1.02,0.022635,-0.915021,-0.398228,-0.060314
97357.0,0.14,0.02,-0.99,0.022633,-0.915157,-0.397871,-0.060619
97366.0,0.13,0.02,-1.0,0.022666,-0.915297,-0.397499,-0.060927
97376.0,0.13,0.01,-1.01,0.022587,-0.915447,-0.397105,-0.061271
97386.0,0.11,0.02,-1.0,0.022363,-0.915595,-0.396719,-0.061637
97396.0,0.12,0.02,-1.01,0.022078,-0.915742,-0.396339,-0.061998
97407.0,0.12,0.0,-1.0,0.021881,-0.915888,-0.395965,-0.062302
97416.0,0.12,-0.02,-1.0,0.021799,-0.916034,-0.395595,-0.062537
97426.0,0.13,-0.0,-0.99,0.02172,-0.916178,-0.395235,-0.062732
97437.0,0.13,-0.0,-0.99,0.021503,-0.916313,-0.394899,-0.062949
97446.0,0.12,0.01,-0.99,0.021181,-0.916447,-0.394572,-0.06316
97456.0,0.13,0.03,-1.0,0.020836,-0.91659,-0.394229,-0.063341
97467.0,0.14,0.03,-1.0,0.020515,-0.916735,-0.393883,-0.063507
97476.0,0.14,0.02,-0.99,0.020226,-0.916896,-0.393505,-0.06362
97487.0,0.14,0.05,-0.96,0.019995,-0.917073,-0.393093,-0.063676
97496.0,0.15,0.05,-0.98,0.019692,-0.917265,-0.39264,-0.063805
97506.0,0.17,0.05,-0.97,0.019324,-0.917461,-0.392176,-0.063956
97517.0,0.16,0.05,-0.97,0.018892,-0.917676,-0.391674,-0.064073
97526.0,0.17,0.05,-0.99,0.018395,-0.917922,-0.391108,-0.064148
97536.0,0.19,0.04,-1.01,0.017791,-0.918209,-0.390458,-0.064173
97547.0,0.17,0.05,-1.02,0.017078,-0.918524,-0.389751,-0.064156
97556.0,0.19,0.05,-1.02,0.016267,-0.918857,-0.388996,-0.064178
97567.0,0.19,0.06,-1.02,0.01541,-0.919189,-0.388232,-0.064262
97576.0,0.19,0.05,-1.05,0.014506,-0.919518,-0.38747,-0.064363
97586.0,0.18,0.05,-1.06,0.013638,-0.91982,-0.386762,-0.064495
97597.0,0.18,0.06,-1.08,0.012872,-0.920106,-0.386073,-0.06471
97606.0,0.19,0.06,-1.09,0.01217,-0.920384,-0.385379,-0.065032
97617.0,0.18,0.06,-1.09,0.011582,-0.920657,-0.384669,-0.065469
97627.0,0.19,0.06,-1.1,0.011115,-0.920923,-0.38395,-0.066036
97636.0,0.21,0.06,-1.1,0.010797,-0.921196,-0.383182,-0.066734
97647.0,0.21,0.06,-1.1,0.010571,-0.921484,-0.382351,-0.067557
97657.0,0.23,0.06,-1.11,0.010382,-0.921785,-0.381467,-0.068466
97666.0,0.24,0.07,-1.1,0.010157,-0.922099,-0.380534,-0.069455
97677.0,0.27,0.06,-1.12,0.009833,-0.922424,-0.379552,-0.070553
97686.0,0.27,0.07,-1.11,0.009337,-0.922746,-0.37855,-0.071782
97697.0,0.26,0.08,-1.1,0.008602,-0.923059,-0.377553,-0.073094
97706.0,0.24,0.07,-1.13,0.007668,-0.923353,-0.376587,-0.074444
97717.0,0.25,0.06,-1.14,0.006614,-0.923602,-0.375708,-0.075885
97726.0,0.23,0.08,-1.16,0.005549,-0.923782,-0.374937,-0.077573
97737.0,0.26,0.1,-1.13,0.0047,-0.923913,-0.374221,-0.079506
97746.0,0.25,0.12,-1.11,0.004295,-0.92403,-0.373504,-0.081523
97757.0,0.28,0.12,-1.09,0.004376,-0.924148,-0.372776,-0.083486
97766.0,0.33,0.12,-1.06,0.004827,-0.924275,-0.372021,-0.085403
97777.0,0.29,0.12,-1.06,0.00543,-0.924405,-0.371263,-0.087232
97786.0,0.35,0.11,-1.03,0.006,-0.924519,-0.370521,-0.089116
97797.0,0.39,0.13,-1.05,0.006451,-0.924666,-0.369665,-0.0911
97806.0,0.41,0.13,-1.03,0.006655,-0.924876,-0.368648,-0.093052
97817.0,0.38,0.08,-1.04,0.006481,-0.925159,-0.367472,-0.094884
97826.0,0.38,0.08,-1.07,0.005586,-0.925528,-0.366061,-0.096775
97837.0,0.44,0.12,-1.04,0.0039,-0.925957,-0.364404,-0.098989
97847.0,0.45,0.14,-1.03,0.001767,-0.926438,-0.362554,-0.101307
97856.0,0.48,0.16,-1.04,-0.00033,-0.926977,-0.360592,-0.103377
97867.0,0.47,0.16,-1.01,-0.001926,-0.927595,-0.358505,-0.105065
97876.0,0.42,0.1,-1.0,-0.002811,-0.928273,-0.356381,-0.10627
97887.0,0.34,0.0,-1.04,-0.003154,-0.928988,-0.354326,-0.106884
97896.0,0.33,0.0,-1.05,-0.003364,-0.929612,-0.352502,-0.107483
97907.0,0.29,-0.06,-1.07,-0.003441,-0.930124,-0.350863,-0.108409
97916.0,0.29,-0.06,-1.04,-0.003438,-0.930513,-0.349431,-0.109691
97927.0,0.31,-0.07,-1.02,-0.003341,-0.930785,-0.348164,-0.111403
97937.0,0.33,-0.07,-1.0,-0.002916,-0.930942,-0.347102,-0.113398
97947.0,0.36,-0.07,-0.96,-0.002199,-0.931028,-0.346182,-0.115499
97957.0,0.26,-0.22,-1.03,-0.001282,-0.931117,-0.345358,-0.117247
97967.0,0.15,-0.31,-1.08,-0.000939,-0.931269,-0.344473,-0.118642
97977.0,0.12,-0.33,-1.05,-0.002047,-0.931403,-0.343489,-0.120412
97987.0,0.12,-0.31,-1.06,-0.004791,-0.931462,-0.342482,-0.12273
97997.0,0.18,-0.19,-1.01,-0.008608,-0.931399,-0.341666,-0.125245
98007.0,0.18,-0.04,-1.0,-0.01245,-0.931253,-0.341106,-0.127512
98017.0,0.23,-0.07,-0.96,-0.015446,-0.931002,-0.340997,-0.129299
98027.0,0.26,0.03,-0.88,-0.017235,-0.930597,-0.341433,-0.130829
98037.0,0.29,0.05,-0.86,-0.017112,-0.930105,-0.342368,-0.131894
98047.0,0.31,0.02,-0.78,-0.01478,-0.929529,-0.34385,-0.132382
98057.0,0.28,0.0,-0.77,-0.010789,-0.928849,-0.345861,-0.132299
98066.0,0.24,-0.03,-0.74,-0.00637,-0.92804,-0.348223,-0.132067
98077.0,0.22,-0.03,-0.68,-0.002766,-0.927106,-0.350711,-0.13217
98086.0,0.2,0.0,-0.68,-0.000681,-0.926098,-0.353161,-0.132737
98097.0,0.19,0.06,-0.65,-0.000481,-0.925099,-0.3554,-0.133723
98106.0,0.17,0.11,-0.71,-0.002188,-0.924181,-0.357306,-0.134974
98117.0,0.25,0.23,-0.72,-0.005336,-0.923334,-0.358907,-0.136424
98126.0,0.24,0.32,-0.74,-0.009146,-0.922561,-0.360208,-0.138013
98137.0,0.4,0.31,-0.75,-0.012634,-0.921934,-0.361216,-0.13929
98146.0,0.36,0.38,-0.85,-0.014991,-0.921486,-0.36202,-0.139932
98157.0,0.31,0.33,-0.86,-0.016112,-0.92114,-0.362832,-0.139982
98166.0,0.2,0.3,-0.89,-0.016348,-0.920911,-0.36358,-0.13952
98177.0,0.26,0.19,-0.87,-0.015873,-0.920771,-0.36426,-0.138722
98187.0,0.24,0.23,-0.92,-0.014938,-0.920702,-0.364819,-0.137814
98197.0,0.15,0.27,-0.87,-0.013663,-0.920663,-0.365328,-0.136852
98206.0,0.13,0.12,-0.97,-0.01176,-0.920669,-0.365761,-0.135824
98217.0,0.14,0.14,-0.89,-0.008485,-0.920307,-0.366915,-0.135411
98226.0,0.15,0.02,-0.93,-0.004906,-0.919713,-0.368591,-0.135069
98237.0,0.01,-0.09,-0.96,-0.001873,-0.918744,-0.371067,-0.134962
98247.0,0.05,-0.21,-0.93,-0.00066,-0.917592,-0.373491,-0.136121
98257.0,0.16,-0.2,-0.91,-0.002339,-0.916601,-0.374934,-0.138785
98267.0,0.08,-0.06,-0.86,-0.00671,-0.915924,-0.375417,-0.141778
98277.0,0.05,0.13,-0.91,-0.012486,-0.915716,-0.374973,-0.143884
98287.0,0.08,0.11,-0.85,-0.017786,-0.915887,-0.373862,-0.145125
98296.0,0.01,0.14,-0.91,-0.021174,-0.916572,-0.372303,-0.144353
98307.0,0.11,0.11,-0.93,-0.021847,-0.917479,-0.370935,-0.141994
98317.0,0.1,0.08,-0.9,-0.020036,-0.918355,-0.370027,-0.138935
98327.0,0.13,0.08,-0.89,-0.016512,-0.918707,-0.370717,-0.135182
98337.0,0.29,0.03,-0.83,-0.012113,-0.918653,-0.372185,-0.131942
98347.0,0.07,-0.04,-0.89,-0.008484,-0.91835,-0.374015,-0.12913
98357.0,0.3,-0.06,-0.72,-0.006505,-0.917808,-0.375791,-0.12793
98367.0,0.13,-0.01,-0.67,-0.006872,-0.917615,-0.376423,-0.127444
98377.0,0.21,0.03,-0.62,-0.009919,-0.917809,-0.376256,-0.126332
98387.0,0.31,0.17,-0.6,-0.014406,-0.918407,-0.375255,-0.124521
98397.0,-0.11,0.14,-0.78,-0.019642,-0.919543,-0.373691,-0.120045
98407.0,0.1,0.06,-0.83,-0.02469,-0.920899,-0.372113,-0.113435
98417.0,-0.02,0.2,-0.95,-0.029422,-0.922077,-0.371182,-0.105508
98427.0,0.05,0.23,-1.11,-0.033532,-0.92311,-0.370613,-0.096901
98437.0,0.15,0.25,-1.16,-0.036455,-0.92413,-0.369846,-0.088709
98447.0,-0.03,0.16,-1.21,-0.038283,-0.925177,-0.368856,-0.080786
98457.0,-0.18,0.03,-1.16,-0.039206,-0.926131,-0.367941,-0.073239
98467.0,-0.39,0.13,-1.11,-0.040227,-0.926924,-0.367,-0.067118
98477.0,-0.14,0.06,-1.07,-0.042261,-0.927769,-0.365573,-0.061761
98487.0,-0.32,-0.08,-1.1,-0.045177,-0.928547,-0.364086,-0.056578
98497.0,-0.24,0.09,-1.14,-0.048252,-0.928793,-0.363848,-0.051283
98507.0,-0.16,0.05,-1.14,-0.051317,-0.929124,-0.363329,-0.045678
98517.0,-0.15,0.03,-1.2,-0.052984,-0.929492,-0.362933,-0.038939
98527.0,-0.31,0.06,-1.19,-0.05271,-0.929436,-0.36377,-0.032278
98537.0,-0.34,0.12,-1.2,-0.051161,-0.929439,-0.364419,-0.026908
98547.0,-0.23,-0.08,-1.23,-0.04912,-0.929614,-0.364512,-0.023138
98557.0,-0.22,-0.1,-1.23,-0.046953,-0.929385,-0.365488,-0.021376
98567.0,-0.13,-0.06,-1.17,-0.046457,-0.928837,-0.366952,-0.021183
98577.0,-0.1,-0.06,-1.17,-0.047741,-0.928034,-0.368777,-0.021856
98587.0,-0.15,0.02,-1.11,-0.050196,-0.92694,-0.371114,-0.023174
98597.0,-0.15,0.17,-1.06,-0.053106,-0.925759,-0.373533,-0.02494
98607.0,-0.16,0.26,-1.02,-0.055364,-0.924617,-0.375883,-0.027035
98617.0,-0.16,0.32,-1.0,-0.056376,-0.92358,-0.378114,-0.029165
98627.0,-0.06,0.29,-0.96,-0.056134,-0.922679,-0.380182,-0.031223
98637.0,-0.01,0.32,-0.96,-0.055373,-0.921958,-0.381879,-0.033106
98647.0,-0.03,0.37,-0.97,-0.054675,-0.92146,-0.38306,-0.034459
98657.0,-0.0,0.34,-0.97,-0.053742,-0.921145,-0.383888,-0.035132
98667.0,0.01,0.25,-0.99,-0.052226,-0.920992,-0.38446,-0.035152
98677.0,-0.0,0.23,-1.02,-0.050599,-0.920905,-0.384927,-0.034702
98687.0,-0.03,0.25,-1.04,-0.049421,-0.920807,-0.385369,-0.034116
98697.0,-0.04,0.25,-1.06,-0.04903,-0.920642,-0.38583,-0.033899
98707.0,-0.02,0.27,-1.06,-0.049505,-0.920454,-0.386167,-0.034484
98717.0,0.02,0.32,-1.05,-0.050545,-0.920292,-0.386301,-0.035761
98727.0,0.02,0.34,-1.03,-0.051672,-0.920245,-0.386119,-0.037315
98737.0,0.02,0.34,-1.0,-0.052424,-0.92035,-0.38561,-0.038885
98747.0,0.03,0.39,-0.96,-0.052803,-0.920638,-0.384739,-0.040178
98757.0,0.03,0.38,-0.97,-0.052818,-0.921131,-0.383465,-0.041017
98767.0,0.01,0.36,-0.95,-0.05251,-0.921735,-0.382036,-0.041182
98777.0,-0.02,0.38,-0.96,-0.052036,-0.922343,-0.380666,-0.040843
98787.0,-0.03,0.37,-0.99,-0.051494,-0.922958,-0.3793,-0.040349
98797.0,-0.04,0.35,-1.03,-0.051035,-0.923604,-0.37783,-0.039954
98807.0,-0.05,0.35,-1.08,-0.050865,-0.924274,-0.376216,-0.039903
98817.0,-0.04,0.39,-1.1,-0.05103,-0.925017,-0.374308,-0.040415
98827.0,-0.02,0.43,-1.1,-0.051247,-0.92586,-0.372074,-0.041449
98837.0,-0.03,0.41,-1.11,-0.051193,-0.926818,-0.369548,-0.042684
98847.0,-0.03,0.44,-1.09,-0.050643,-0.927889,-0.366775,-0.043966
98858.0,-0.01,0.43,-1.06,-0.049664,-0.929073,-0.363752,-0.045174
98867.0,-0.02,0.4,-1.05,-0.048346,-0.930365,-0.360492,-0.046143
98877.0,-0.05,0.42,-1.04,-0.046986,-0.931743,-0.357003,-0.046856
98887.0,-0.03,0.41,-1.01,-0.045629,-0.933175,-0.35334,-0.047467
98897.0,-0.07,0.42,-1.04,-0.044427,-0.934584,-0.349669,-0.048063
98907.0,-0.07,0.42,-1.05,-0.043432,-0.935964,-0.345977,-0.048837
98917.0,-0.06,0.42,-1.02,-0.042571,-0.93733,-0.342206,-0.049948
98927.0,-0.04,0.41,-1.01,-0.041742,-0.938747,-0.338221,-0.051174
98937.0,-0.02,0.42,-0.99,-0.040799,-0.940272,-0.333901,-0.05229
98947.0,-0.02,0.41,-0.98,-0.039797,-0.941921,-0.329191,-0.053246
98957.0,-0.03,0.38,-1.02,-0.038713,-0.943657,-0.324191,-0.053973
98967.0,-0.07,0.4,-1.0,-0.03769,-0.945444,-0.318959,-0.054586
98977.0,-0.1,0.4,-1.02,-0.036773,-0.947295,-0.313372,-0.055479
98987.0,-0.07,0.39,-0.97,-0.036036,-0.949197,-0.307432,-0.056669
98998.0,-0.05,0.43,-0.94,-0.035436,-0.951158,-0.301112,-0.058095
99007.0,-0.07,0.4,-0.91,-0.034871,-0.953142,-0.294567,-0.059455
99018.0,-0.09,0.4,-0.89,-0.034185,-0.955102,-0.287988,-0.060615
99027.0,-0.08,0.4,-0.9,-0.033371,-0.957022,-0.281412,-0.061668
99038.0,-0.08,0.4,-0.87,-0.032509,-0.958935,-0.274696,-0.062678
99047.0,-0.07,0.4,-0.85,-0.031533,-0.960911,-0.267605,-0.063591
99058.0,-0.06,0.4,-0.84,-0.030487,-0.962973,-0.260036,-0.064298
99067.0,-0.06,0.38,-0.83,-0.029484,-0.965126,-0.251933,-0.064744
99078.0,-0.06,0.34,-0.84,-0.028521,-0.967349,-0.243334,-0.064897
99087.0,-0.06,0.29,-0.83,-0.027872,-0.969587,-0.23434,-0.064871
99097.0,-0.07,0.3,-0.83,-0.027838,-0.971802,-0.224987,-0.064858
99107.0,-0.06,0.32,-0.81,-0.028515,-0.974011,-0.215141,-0.064831
99118.0,-0.07,0.28,-0.83,-0.029615,-0.976212,-0.204864,-0.064532
99127.0,-0.08,0.27,-0.83,-0.030929,-0.978402,-0.194136,-0.063914
99137.0,-0.09,0.25,-0.85,-0.032357,-0.980568,-0.182968,-0.062952
99147.0,-0.11,0.2,-0.86,-0.03369,-0.982682,-0.171466,-0.061658
99157.0,-0.14,0.19,-0.86,-0.034652,-0.984725,-0.159745,-0.059977
99167.0,-0.16,0.1,-0.88,-0.035307,-0.986669,-0.147919,-0.057947
99177.0,-0.15,0.03,-0.9,-0.036122,-0.988473,-0.135966,-0.055943
99187.0,-0.16,0.07,-0.89,-0.037591,-0.990114,-0.123885,-0.053987
99197.0,-0.14,0.11,-0.92,-0.039689,-0.991588,-0.111747,-0.051863
99207.0,-0.15,0.08,-0.94,-0.041665,-0.992911,-0.099686,-0.049542
99217.0,-0.19,0.06,-0.99,-0.043149,-0.994099,-0.087713,-0.047035
99227.0,-0.18,0.07,-1.03,-0.044123,-0.995154,-0.075732,-0.044564
99238.0,-0.19,-0.03,-0.94,-0.044518,-0.996085,-0.063718,-0.042106
99247.0,-0.19,-0.09,-0.92,-0.044422,-0.996893,-0.051488,-0.039761
99258.0,-0.21,-0.11,-0.91,-0.043925,-0.997559,-0.039357,-0.037391
99267.0,-0.17,-0.13,-0.9,-0.043278,-0.998073,-0.027523,-0.034936
99278.0,-0.18,-0.12,-0.9,-0.04273,-0.99843,-0.016019,-0.032495
99287.0,-0.18,-0.07,-0.95,-0.042167,-0.998648,-0.004896,-0.030001
99298.0,-0.16,0.0,-0.95,-0.041206,-0.998749,0.005979,-0.027691
99307.0,-0.18,0.04,-0.93,-0.039073,-0.998769,0.016638,-0.025649
99318.0,-0.17,-0.04,-0.97,-0.035123,-0.998727,0.027052,-0.024079
99327.0,-0.16,-0.06,-0.89,-0.029915,-0.998596,0.037229,-0.022922
99337.0,-0.16,-0.14,-0.89,-0.02418,-0.998347,0.047303,-0.021948
99348.0,-0.18,-0.2,-0.87,-0.018563,-0.997973,0.057189,-0.020839
99357.0,-0.17,-0.16,-0.87,-0.013815,-0.997486,0.066728,-0.019428
99367.0,-0.15,-0.12,-0.83,-0.010247,-0.9969,0.075964,-0.017735
99378.0,-0.17,-0.09,-0.83,-0.007262,-0.99622,0.085106,-0.015821
99387.0,-0.16,-0.09,-0.85,-0.004076,-0.99547,0.094,-0.01368
99398.0,-0.16,-0.04,-0.92,-0.000316,-0.994644,0.102713,-0.011573
99407.0,-0.17,-0.06,-0.87,0.004071,-0.99371,0.111491,-0.009726
99417.0,-0.16,-0.11,-0.87,0.008761,-0.992675,0.120222,-0.008146
99428.0,-0.12,-0.18,-0.86,0.013251,-0.991556,0.128827,-0.006757
99437.0,-0.13,-0.3,-0.85,0.016489,-0.990398,0.137172,-0.004903
99448.0,-0.12,-0.18,-0.85,0.01727,-0.989226,0.145352,-0.002371
99457.0,-0.13,-0.15,-0.87,0.015733,-0.987964,0.153881,0.001001
99468.0,-0.18,-0.1,-0.89,0.013361,-0.986566,0.162734,0.005198
99477.0,-0.18,-0.05,-0.94,0.011361,-0.985014,0.171821,0.009759
99487.0,-0.23,-0.05,-0.96,0.01049,-0.983305,0.181103,0.014271
99498.0,-0.3,-0.08,-0.97,0.011104,-0.981464,0.190416,0.018619
99507.0,-0.32,-0.2,-0.98,0.012917,-0.97955,0.199518,0.022528
99518.0,-0.29,-0.36,-1.03,0.01497,-0.977665,0.208027,0.02592
99528.0,-0.2,-0.32,-0.98,0.01587,-0.975905,0.215669,0.029053
99537.0,-0.2,-0.24,-1.0,0.015002,-0.974141,0.223079,0.032566
99548.0,-0.2,-0.18,-1.0,0.013358,-0.972328,0.230342,0.036639
99557.0,-0.2,-0.1,-1.01,0.012068,-0.9705,0.237375,0.04046
99568.0,-0.19,-0.04,-0.96,0.012094,-0.96862,0.244356,0.043796
99577.0,-0.24,-0.17,-1.03,0.014295,-0.966643,0.251474,0.046442
99587.0,-0.24,-0.25,-1.04,0.018162,-0.964612,0.258533,0.048524
99598.0,-0.27,-0.25,-1.03,0.02219,-0.962593,0.265266,0.050556
99607.0,-0.28,-0.26,-1.02,0.025567,-0.960694,0.271335,0.052835
99618.0,-0.27,-0.19,-0.97,0.027838,-0.958947,0.276768,0.055178
99628.0,-0.24,-0.15,-0.94,0.029157,-0.957261,0.281928,0.057601
99637.0,-0.23,-0.13,-0.91,0.030059,-0.955563,0.287026,0.060093
99648.0,-0.19,-0.11,-0.93,0.030755,-0.953808,0.292183,0.062717
99657.0,-0.19,-0.11,-0.92,0.031408,-0.951935,0.297549,0.065567
99668.0,-0.19,-0.21,-0.97,0.03248,-0.949921,0.30312,0.068647
99677.0,-0.2,-0.29,-1.03,0.033722,-0.947836,0.308678,0.072028
99688.0,-0.23,-0.36,-1.07,0.034477,-0.945717,0.314107,0.07595
99698.0,-0.29,-0.37,-1.1,0.0348,-0.943591,0.319333,0.080326
99707.0,-0.33,-0.32,-1.12,0.035087,-0.941494,0.324344,0.08461
99718.0,-0.32,-0.39,-1.15,0.03597,-0.939544,0.328952,0.088061
99727.0,-0.31,-0.41,-1.14,0.037588,-0.937796,0.333043,0.090599
99738.0,-0.28,-0.46,-1.15,0.039724,-0.936256,0.336582,0.092513
99747.0,-0.2,-0.55,-1.15,0.041779,-0.934932,0.339583,0.094021
99757.0,-0.21,-0.53,-1.16,0.043133,-0.933835,0.341994,0.095563
99768.0,-0.24,-0.46,-1.2,0.043491,-0.932987,0.343732,0.097428
99777.0,-0.24,-0.36,-1.24,0.043036,-0.932439,0.344747,0.099271
99788.0,-0.25,-0.29,-1.23,0.042311,-0.932137,0.345219,0.100771
99798.0,-0.28,-0.15,-1.18,0.04191,-0.931973,0.345429,0.101725
99808.0,-0.27,-0.11,-1.18,0.042195,-0.931843,0.345648,0.102061
99817.0,-0.25,-0.13,-1.14,0.043287,-0.931663,0.346088,0.10175
99828.0,-0.22,-0.17,-1.04,0.044636,-0.931393,0.346821,0.101145
99837.0,-0.21,-0.24,-1.03,0.045933,-0.931073,0.347679,0.10056
99848.0,-0.2,-0.25,-1.03,0.046778,-0.930783,0.348413,0.100315
99857.0,-0.23,-0.16,-1.05,0.046987,-0.93055,0.348895,0.100704
99868.0,-0.24,-0.12,-1.09,0.046834,-0.930427,0.349021,0.101472
99877.0,-0.23,-0.04,-1.12,0.046437,-0.930388,0.348954,0.102238
99888.0,-0.23,-0.01,-1.11,0.046007,-0.930309,0.349047,0.102831
99898.0,-0.23,-0.01,-1.08,0.045878,-0.930133,0.34944,0.103147
99907.0,-0.23,-0.07,-1.08,0.046204,-0.929858,0.35014,0.103104
99918.0,-0.25,-0.1,-1.04,0.046965,-0.929545,0.350972,0.102757
99928.0,-0.26,-0.12,-1.03,0.04781,-0.929316,0.351606,0.102272
99938.0,-0.24,-0.14,-1.02,0.048427,-0.929233,0.351891,0.101749
99947.0,-0.21,-0.09,-1.0,0.048662,-0.929282,0.351865,0.101282
99958.0,-0.22,-0.08,-1.01,0.048556,-0.92939,0.351682,0.100976
99968.0,-0.22,-0.04,-0.98,0.048335,-0.929488,0.351504,0.100803
99978.0,-0.23,-0.0,-0.98,0.048341,-0.929546,0.351413,0.100585
99988.0,-0.24,-0.02,-0.97,0.048778,-0.929565,0.351406,0.100214
99997.0,-0.25,0.0,-0.98,0.049576,-0.929577,0.351419,0.099664
100008.0,-0.26,-0.02,-0.98,0.050588,-0.929619,0.351369,0.098944
100017.0,-0.23,-0.02,-0.97,0.051581,-0.929684,0.351291,0.098094
100028.0,-0.2,-0.05,-0.98,0.052551,-0.92972,0.351275,0.097287
100037.0,-0.2,-0.04,-0.98,0.053473,-0.9297,0.351357,0.096674
100048.0,-0.2,-0.07,-1.03,0.054288,-0.929657,0.351465,0.096245
100058.0,-0.2,-0.08,-1.04,0.055152,-0.929643,0.351506,0.095737
100068.0,-0.23,-0.11,-1.04,0.056252,-0.929661,0.351464,0.095075
100078.0,-0.24,-0.1,-1.1,0.057799,-0.929747,0.351231,0.094161
100088.0,-0.26,-0.02,-1.09,0.059967,-0.929954,0.350691,0.09276
100097.0,-0.27,-0.0,-1.1,0.062902,-0.930281,0.349823,0.0908
100108.0,-0.24,-0.0,-1.12,0.06624,-0.930722,0.348674,0.08829
100117.0,-0.18,0.03,-1.12,0.069378,-0.931202,0.347501,0.085392
100128.0,-0.17,0.02,-1.14,0.072153,-0.931494,0.34681,0.082682
100138.0,-0.19,0.02,-1.15,0.074744,-0.931529,0.34673,0.080279
100148.0,-0.18,-0.03,-1.18,0.077592,-0.931381,0.347048,0.077885
100158.0,-0.18,-0.05,-1.2,0.081013,-0.931118,0.347554,0.075244
100168.0,-0.19,-0.15,-1.25,0.085321,-0.930758,0.348121,0.072258
100178.0,-0.17,-0.25,-1.27,0.090365,-0.930395,0.34851,0.068854
100188.0,-0.2,-0.24,-1.36,0.095854,-0.93011,0.348542,0.065004
100198.0,-0.23,-0.27,-1.37,0.101462,-0.929992,0.348045,0.060695
100207.0,-0.28,-0.12,-1.35,0.106906,-0.930099,0.346956,0.055746
100218.0,-0.26,-0.09,-1.35,0.11256,-0.930391,0.345283,0.049819
100228.0,-0.2,-0.07,-1.28,0.118652,-0.930711,0.343355,0.042495
100238.0,-0.16,-0.11,-1.23,0.125114,-0.930842,0.341603,0.03446
100248.0,-0.11,-0.17,-1.17,0.1318,-0.930622,0.340405,0.026389
100258.0,-0.11,-0.25,-1.14,0.138604,-0.930043,0.339795,0.01869
100268.0,-0.11,-0.4,-1.15,0.145431,-0.929168,0.339652,0.011508
100278.0,-0.1,-0.47,-1.15,0.152014,-0.928199,0.339582,0.004839
100288.0,-0.11,-0.53,-1.19,0.158316,-0.927307,0.339168,-0.001469
100298.0,-0.12,-0.6,-1.22,0.164566,-0.926535,0.338218,-0.007712
100308.0,-0.15,-0.63,-1.24,0.170832,-0.925915,0.336597,-0.014167
100318.0,-0.18,-0.67,-1.29,0.176712,-0.925542,0.33423,-0.020855
100328.0,-0.18,-0.59,-1.31,0.182039,-0.925425,0.331156,-0.028033
100338.0,-0.19,-0.57,-1.3,0.187333,-0.925375,0.327549,-0.036048
100348.0,-0.2,-0.54,-1.28,0.193315,-0.92521,0.323398,-0.045051
100358.0,-0.18,-0.48,-1.23,0.200215,-0.924828,0.318698,-0.055121
100368.0,-0.16,-0.41,-1.16,0.208459,-0.924006,0.313605,-0.066407
100378.0,-0.14,-0.51,-1.12,0.218716,-0.922487,0.308149,-0.078898
100388.0,-0.1,-0.59,-1.05,0.230949,-0.920237,0.30214,-0.092402
100398.0,-0.11,-0.71,-0.98,0.244372,-0.917411,0.295466,-0.106483
100408.0,-0.08,-0.83,-0.94,0.257715,-0.914393,0.287942,-0.12066
100418.0,-0.08,-0.89,-0.87,0.269808,-0.911541,0.279683,-0.134442
100428.0,-0.06,-0.89,-0.82,0.279964,-0.909018,0.271197,-0.147505
100438.0,-0.01,-0.79,-0.76,0.28835,-0.906847,0.262577,-0.159801
100448.0,-0.02,-0.82,-0.75,0.296234,-0.904697,0.253747,-0.171412
100458.0,-0.03,-0.84,-0.72,0.304581,-0.902333,0.244256,-0.182663
100468.0,-0.03,-0.88,-0.74,0.31353,-0.899633,0.233968,-0.193954
100478.0,-0.04,-0.93,-0.7,0.322419,-0.896741,0.223032,-0.205325
100488.0,-0.02,-0.95,-0.66,0.330565,-0.893884,0.211588,-0.21663
100498.0,0.02,-0.92,-0.61,0.337628,-0.891155,0.199793,-0.227887
100508.0,0.04,-0.88,-0.58,0.343831,-0.88852,0.187608,-0.23899
100518.0,0.07,-0.81,-0.57,0.349681,-0.885852,0.174907,-0.249792
100528.0,0.1,-0.8,-0.52,0.355692,-0.882919,0.161631,-0.260407
100538.0,0.12,-0.8,-0.51,0.362078,-0.879621,0.14795,-0.270698
100548.0,0.14,-0.78,-0.5,0.368639,-0.876053,0.133981,-0.28051
100558.0,0.13,-0.76,-0.48,0.375187,-0.872287,0.119687,-0.28987
100568.0,0.17,-0.79,-0.47,0.381766,-0.868275,0.105114,-0.298838
100578.0,0.2,-0.82,-0.52,0.388313,-0.863984,0.090049,-0.30763
100588.0,0.21,-0.77,-0.53,0.39454,-0.859409,0.074735,-0.316496
100598.0,0.24,-0.66,-0.5,0.40046,-0.854461,0.059769,-0.325508
100608.0,0.29,-0.66,-0.47,0.406947,-0.848738,0.044763,-0.334714
100618.0,0.32,-0.66,-0.44,0.414613,-0.842194,0.029018,-0.343458
100628.0,0.3,-0.69,-0.43,0.423302,-0.834706,0.012507,-0.352029
100638.0,0.35,-0.65,-0.38,0.43248,-0.826344,-0.004251,-0.360692
100648.0,0.38,-0.68,-0.34,0.44187,-0.81722,-0.021108,-0.3694
100658.0,0.44,-0.7,-0.32,0.451445,-0.807604,-0.038176,-0.377512
100668.0,0.49,-0.68,-0.28,0.460985,-0.79753,-0.055179,-0.385219
100678.0,0.55,-0.75,-0.22,0.470286,-0.787079,-0.071679,-0.392682
100688.0,0.59,-0.76,-0.21,0.478994,-0.776788,-0.087962,-0.399283
100698.0,0.6,-0.59,-0.17,0.487009,-0.76682,-0.104334,-0.404875
100708.0,0.58,-0.67,-0.15,0.495276,-0.756652,-0.120705,-0.409402
100718.0,0.59,-0.66,-0.11,0.504189,-0.745959,-0.137537,-0.412821
100728.0,0.58,-0.67,-0.12,0.513571,-0.734695,-0.15468,-0.415382
100738.0,0.59,-0.7,-0.15,0.523088,-0.723105,-0.172289,-0.41691
100748.0,0.6,-0.66,-0.14,0.532145,-0.711589,-0.190392,-0.417389
100758.0,0.62,-0.68,-0.15,0.54078,-0.699747,-0.208393,-0.417712
100768.0,0.72,-0.68,-0.15,0.548871,-0.687541,-0.226182,-0.418174
100778.0,0.74,-0.68,-0.18,0.555981,-0.675258,-0.243825,-0.418881
100788.0,0.76,-0.56,-0.13,0.561956,-0.662988,-0.261132,-0.420074
100799.0,0.77,-0.56,-0.08,0.567616,-0.65037,-0.277959,-0.42139
100808.0,0.76,-0.56,-0.04,0.573466,-0.637418,-0.294689,-0.421893
100818.0,0.75,-0.6,-0.04,0.579517,-0.624197,-0.311551,-0.421277
100828.0,0.77,-0.63,-0.06,0.585436,-0.610687,-0.328496,-0.42002
100838.0,0.76,-0.61,-0.04,0.590765,-0.597153,-0.345317,-0.418522
100848.0,0.76,-0.59,-0.07,0.595111,-0.583864,-0.362069,-0.416954
100858.0,0.83,-0.42,-0.04,0.598503,-0.570786,-0.378414,-0.415693
100868.0,0.82,-0.36,0.01,0.60176,-0.557436,-0.394557,-0.414095
100878.0,0.78,-0.45,0.0,0.605426,-0.543395,-0.411117,-0.411296
100888.0,0.8,-0.48,-0.02,0.608954,-0.528724,-0.427903,-0.408073
100898.0,0.82,-0.39,-0.05,0.611794,-0.51392,-0.444342,-0.40516
100909.0,0.88,-0.37,-0.07,0.613773,-0.499457,-0.460083,-0.402677
100918.0,0.92,-0.33,-0.05,0.614864,-0.485414,-0.475099,-0.400744
100928.0,0.9,-0.22,-0.03,0.615044,-0.471848,-0.489401,-0.399458
100938.0,0.85,-0.07,0.02,0.614656,-0.458543,-0.503138,-0.398484
100949.0,0.79,-0.03,0.05,0.614158,-0.445328,-0.516489,-0.397156
100958.0,0.79,-0.05,0.04,0.614006,-0.431975,-0.529665,-0.394778
100968.0,0.8,-0.03,0.06,0.613978,-0.41874,-0.542736,-0.391313
100979.0,0.83,0.01,0.06,0.613753,-0.405927,-0.555495,-0.387241
100988.0,0.86,-0.06,0.04,0.613487,-0.393473,-0.567887,-0.382515
100998.0,0.85,-0.1,0.03,0.612785,-0.381612,-0.579961,-0.377508
101008.0,0.83,-0.02,0.01,0.611203,-0.370812,-0.59145,-0.372983
101018.0,0.79,0.01,-0.02,0.608825,-0.361021,-0.602376,-0.36897
101028.0,0.77,-0.0,-0.02,0.605902,-0.351973,-0.612862,-0.365238
101038.0,0.77,-0.03,-0.03,0.602392,-0.343749,-0.622862,-0.361944
101049.0,0.75,0.04,-0.04,0.598299,-0.336463,-0.632249,-0.359295
101058.0,0.74,0.14,-0.04,0.59382,-0.330045,-0.641015,-0.357138
101068.0,0.75,0.17,-0.03,0.589224,-0.324297,-0.649389,-0.354882
101079.0,0.76,0.21,-0.02,0.584665,-0.319033,-0.657645,-0.351977
101088.0,0.75,0.18,-0.06,0.580137,-0.314098,-0.666108,-0.347971
101098.0,0.75,0.15,-0.09,0.575514,-0.309561,-0.674757,-0.343014
101109.0,0.75,0.03,-0.15,0.570709,-0.305417,-0.683556,-0.337288
101118.0,0.76,-0.05,-0.18,0.565534,-0.301756,-0.692241,-0.331537
101128.0,0.77,-0.06,-0.25,0.559835,-0.298787,-0.700374,-0.326784
101139.0,0.82,-0.08,-0.29,0.553523,-0.296588,-0.707797,-0.323531
101148.0,0.83,-0.04,-0.32,0.546659,-0.295174,-0.714325,-0.322142
101158.0,0.85,0.1,-0.33,0.539196,-0.294504,-0.719929,-0.322858
101169.0,0.86,0.29,-0.3,0.531485,-0.294297,-0.724808,-0.324911
101178.0,0.86,0.36,-0.33,0.524047,-0.294078,-0.729481,-0.326727
101189.0,0.85,0.39,-0.35,0.517386,-0.293496,-0.734405,-0.326835
101199.0,0.86,0.38,-0.36,0.511636,-0.292352,-0.739829,-0.32467
101208.0,0.85,0.37,-0.37,0.506611,-0.290663,-0.745874,-0.320205
101219.0,0.83,0.28,-0.36,0.50233,-0.28835,-0.752378,-0.313763
101228.0,0.82,0.23,-0.33,0.498544,-0.285597,-0.758915,-0.306489
101238.0,0.81,0.1,-0.36,0.494803,-0.28266,-0.765213,-0.299537
101249.0,0.79,0.04,-0.39,0.490759,-0.280119,-0.770999,-0.293683
101258.0,0.74,-0.01,-0.43,0.486103,-0.278523,-0.776005,-0.289732
101268.0,0.68,-0.05,-0.48,0.480606,-0.278229,-0.780162,-0.288016
101279.0,0.67,-0.05,-0.57,0.474148,-0.279464,-0.783362,-0.288838
101288.0,0.69,0.12,-0.57,0.466695,-0.282032,-0.785708,-0.292091
101299.0,0.69,0.34,-0.6,0.458821,-0.285242,-0.787611,-0.296291
101309.0,0.7,0.37,-0.68,0.451546,-0.28802,-0.789856,-0.298795
101318.0,0.7,0.35,-0.76,0.445594,-0.289151,-0.79314,-0.297938
101329.0,0.66,0.36,-0.77,0.441079,-0.288486,-0.797284,-0.294217
101338.0,0.67,0.38,-0.74,0.437814,-0.286485,-0.801742,-0.288886
101348.0,0.73,0.25,-0.78,0.435473,-0.283461,-0.806192,-0.282962
101359.0,0.82,0.21,-0.71,0.433498,-0.280167,-0.810185,-0.277826
101368.0,0.82,0.21,-0.66,0.431293,-0.27744,-0.813382,-0.274633
101379.0,0.78,0.28,-0.71,0.428613,-0.275788,-0.815757,-0.273443
101389.0,0.81,0.31,-0.71,0.425732,-0.27521,-0.817381,-0.27368
101398.0,0.74,0.33,-0.72,0.422897,-0.275281,-0.81857,-0.274447
101409.0,0.72,0.3,-0.74,0.419912,-0.275336,-0.819882,-0.275059
101419.0,0.74,0.34,-0.71,0.417501,-0.275104,-0.821045,-0.275493
101428.0,0.68,0.33,-0.73,0.41551,-0.274597,-0.822255,-0.275398
101439.0,0.72,0.31,-0.73,0.414101,-0.273787,-0.823578,-0.274373
101448.0,0.74,0.31,-0.71,0.413234,-0.27265,-0.824914,-0.272793
101459.0,0.75,0.23,-0.73,0.412586,-0.271344,-0.826346,-0.270735
101469.0,0.81,0.19,-0.74,0.412184,-0.270026,-0.827613,-0.268786
101478.0,0.82,0.21,-0.73,0.411943,-0.268782,-0.828551,-0.267511
101489.0,0.81,0.23,-0.74,0.411742,-0.26758,-0.829207,-0.266992
101498.0,0.82,0.27,-0.7,0.411811,-0.266408,-0.829495,-0.267163
101509.0,0.83,0.32,-0.66,0.412182,-0.265279,-0.829404,-0.267994
101518.0,0.82,0.36,-0.61,0.412741,-0.264275,-0.829082,-0.269123
101529.0,0.83,0.35,-0.59,0.413518,-0.263465,-0.828603,-0.270196
101538.0,0.83,0.35,-0.56,0.414406,-0.262953,-0.828054,-0.271017
101549.0,0.84,0.31,-0.54,0.41531,-0.262842,-0.827417,-0.271684
101558.0,0.84,0.27,-0.54,0.416122,-0.263185,-0.826703,-0.272282
101569.0,0.79,0.26,-0.55,0.416817,-0.26392,-0.825904,-0.272933
101578.0,0.77,0.27,-0.54,0.417473,-0.264849,-0.824998,-0.27377
101589.0,0.76,0.21,-0.55,0.418075,-0.265765,-0.824083,-0.274718
101599.0,0.79,0.2,-0.52,0.418762,-0.266532,-0.823114,-0.275831
101609.0,0.79,0.23,-0.53,0.419524,-0.267202,-0.822075,-0.277119
101619.0,0.79,0.23,-0.52,0.420324,-0.267852,-0.821051,-0.278315
101628.0,0.77,0.25,-0.52,0.421204,-0.268511,-0.820082,-0.279202
101639.0,0.78,0.26,-0.52,0.42225,-0.269179,-0.819151,-0.279714
101648.0,0.77,0.22,-0.54,0.423557,-0.26972,-0.818315,-0.279664
101659.0,0.79,0.19,-0.55,0.425072,-0.270064,-0.817584,-0.279171
101668.0,0.79,0.17,-0.53,0.426646,-0.270282,-0.816875,-0.278635
101679.0,0.82,0.15,-0.53,0.428196,-0.270471,-0.81608,-0.2784
101688.0,0.82,0.18,-0.51,0.429604,-0.270865,-0.815048,-0.27887
101699.0,0.82,0.21,-0.5,0.430815,-0.271585,-0.813697,-0.280243
101708.0,0.82,0.21,-0.52,0.431861,-0.272644,-0.812071,-0.282314
101719.0,0.82,0.24,-0.53,0.432781,-0.273991,-0.810177,-0.28503
101729.0,0.82,0.3,-0.55,0.433622,-0.275606,-0.808038,-0.288249
101739.0,0.84,0.31,-0.57,0.434531,-0.277364,-0.80576,-0.291552
101749.0,0.89,0.34,-0.62,0.435544,-0.279213,-0.803395,-0.294784
101758.0,0.88,0.38,-0.63,0.436763,-0.281077,-0.800974,-0.297782
101769.0,0.89,0.35,-0.68,0.438189,-0.282996,-0.798471,-0.300578
101779.0,0.89,0.36,-0.67,0.439858,-0.285153,-0.795679,-0.303493
101788.0,0.85,0.38,-0.67,0.441677,-0.287719,-0.79246,-0.306834
101799.0,0.82,0.38,-0.66,0.443695,-0.290688,-0.78873,-0.310708
101809.0,0.83,0.36,-0.62,0.445861,-0.294087,-0.784469,-0.315165
101819.0,0.83,0.39,-0.61,0.447973,-0.29802,-0.779665,-0.320353
101829.0,0.85,0.44,-0.58,0.450112,-0.302372,-0.774351,-0.326116
101839.0,0.85,0.5,-0.53,0.452564,-0.306916,-0.768742,-0.331699
101849.0,0.83,0.4,-0.53,0.455629,-0.311225,-0.76335,-0.335913
101859.0,0.8,0.34,-0.52,0.45924,-0.315324,-0.758271,-0.338666
101869.0,0.75,0.29,-0.54,0.463075,-0.319607,-0.753247,-0.340635
101879.0,0.71,0.23,-0.55,0.466737,-0.324571,-0.74782,-0.342893
101889.0,0.74,0.19,-0.55,0.470265,-0.33041,-0.741472,-0.346264
101899.0,0.76,0.17,-0.55,0.473282,-0.337295,-0.734144,-0.351096
101909.0,0.74,0.05,-0.57,0.475494,-0.34526,-0.725788,-0.357677
101918.0,0.77,0.01,-0.53,0.476527,-0.354663,-0.715975,-0.366765
101929.0,0.72,-0.01,-0.5,0.476049,-0.366087,-0.704104,-0.378939
101939.0,0.71,-0.06,-0.47,0.473671,-0.379676,-0.689918,-0.394328
101949.0,0.8,0.15,-0.35,0.469625,-0.394775,-0.673139,-0.412902
101959.0,0.83,0.26,-0.33,0.464437,-0.410412,-0.654581,-0.432879
101969.0,0.82,0.31,-0.28,0.458638,-0.425904,-0.635484,-0.452125
101979.0,0.89,0.71,-0.19,0.45301,-0.440802,-0.616457,-0.469529
101989.0,0.85,0.76,-0.27,0.449398,-0.45404,-0.599008,-0.482782
101999.0,0.84,0.53,-0.3,0.448792,-0.465425,-0.584342,-0.490418
102009.0,0.88,0.39,-0.3,0.451087,-0.475363,-0.571687,-0.493685
102019.0,0.86,0.15,-0.36,0.455097,-0.484825,-0.559918,-0.49429
102029.0,0.8,-0.08,-0.38,0.459383,-0.494917,-0.547601,-0.494123
102039.0,0.76,-0.24,-0.37,0.462688,-0.506279,-0.533146,-0.495335
102049.0,0.77,-0.37,-0.35,0.463614,-0.51882,-0.51638,-0.499239
102059.0,0.76,-0.33,-0.31,0.461466,-0.532792,-0.496962,-0.506173
102069.0,0.78,-0.34,-0.25,0.455772,-0.548175,-0.475014,-0.515886
102079.0,0.82,-0.25,-0.15,0.447311,-0.56388,-0.451061,-0.527727
102089.0,0.83,-0.21,-0.09,0.437002,-0.579413,-0.425695,-0.540457
102099.0,0.9,-0.04,-0.01,0.425824,-0.594338,-0.399722,-0.552863
102109.0,0.99,0.05,0.03,0.415236,-0.60823,-0.373972,-0.56372
102119.0,0.95,0.03,0.07,0.406045,-0.621145,-0.349473,-0.571992
102129.0,0.88,-0.01,0.05,0.39854,-0.633228,-0.326717,-0.577447
102139.0,0.8,-0.08,0.01,0.392672,-0.644547,-0.305328,-0.58064
102149.0,0.73,-0.2,-0.07,0.387855,-0.655464,-0.284807,-0.582083
102159.0,0.71,-0.33,-0.1,0.383124,-0.666237,-0.264548,-0.582546
102169.0,0.7,-0.41,-0.11,0.377698,-0.677028,-0.243917,-0.582651
102179.0,0.71,-0.48,-0.13,0.371162,-0.687975,-0.222859,-0.582463
102189.0,0.71,-0.54,-0.12,0.363044,-0.69895,-0.201066,-0.582444
102199.0,0.72,-0.44,0.03,0.35299,-0.709903,-0.178251,-0.582805
102209.0,0.73,-0.33,0.07,0.341788,-0.720546,-0.155289,-0.582992
102219.0,0.75,-0.28,0.09,0.330772,-0.730454,-0.133381,-0.58244
102229.0,0.69,-0.24,0.07,0.321142,-0.739622,-0.113293,-0.580511
102239.0,0.59,-0.34,0.04,0.3135,-0.748417,-0.095128,-0.576663
102249.0,0.5,-0.48,-0.04,0.307412,-0.757098,-0.078322,-0.57111
102259.0,0.53,-0.47,-0.08,0.302092,-0.76579,-0.062176,-0.564306
102269.0,0.54,-0.61,-0.21,0.29685,-0.7746,-0.046509,-0.556518
102279.0,0.65,-0.66,-0.28,0.290629,-0.783683,-0.030983,-0.548102
102289.0,0.63,-0.66,-0.3,0.282183,-0.793162,-0.014922,-0.539485
102299.0,0.52,-0.66,-0.33,0.270816,-0.803072,0.002135,-0.530781
102309.0,0.59,-0.44,-0.28,0.25636,-0.81282,0.020281,-0.522677
102319.0,0.59,-0.29,-0.25,0.240082,-0.822227,0.038849,-0.514582
102329.0,0.53,-0.19,-0.31,0.224533,-0.831314,0.056477,-0.505284
102339.0,0.49,-0.09,-0.45,0.212009,-0.840064,0.072094,-0.494112
102349.0,0.37,-0.08,-0.56,0.203612,-0.848035,0.085734,-0.481694
102359.0,0.42,-0.18,-0.67,0.199688,-0.854766,0.097313,-0.469073
102369.0,0.52,-0.35,-0.64,0.1991,-0.860229,0.107519,-0.456951
102379.0,0.55,-0.66,-0.6,0.19985,-0.865015,0.117395,-0.445003
102389.0,0.52,-0.69,-0.5,0.199053,-0.869653,0.127896,-0.433272
102399.0,0.55,-0.51,-0.44,0.195106,-0.874759,0.139377,-0.421076
102409.0,0.51,-0.48,-0.53,0.188992,-0.880608,0.151387,-0.4073
102419.0,0.34,-0.31,-0.76,0.181974,-0.886729,0.163787,-0.392136
102429.0,0.28,-0.13,-0.63,0.175388,-0.892268,0.176369,-0.376816
102439.0,0.22,-0.13,-0.68,0.171312,-0.896661,0.188334,-0.362189
102449.0,0.16,-0.17,-0.73,0.170514,-0.899807,0.199122,-0.348743
102459.0,0.18,-0.31,-0.78,0.172054,-0.901838,0.208985,-0.336766
102469.0,0.26,-0.46,-0.71,0.174365,-0.90322,0.218222,-0.325838
102479.0,0.17,-0.65,-0.73,0.175583,-0.904455,0.227578,-0.315181
102489.0,0.2,-0.69,-0.67,0.174091,-0.906031,0.237545,-0.303928
102499.0,0.22,-0.64,-0.67,0.169396,-0.908204,0.248305,-0.291231
102509.0,0.16,-0.43,-0.7,0.162859,-0.910756,0.259573,-0.276809
102519.0,0.13,-0.3,-0.79,0.157078,-0.913192,0.270775,-0.260937
102529.0,0.06,-0.28,-0.85,0.154449,-0.915019,0.281304,-0.244447
102539.0,-0.13,-0.43,-0.98,0.155244,-0.916051,0.291041,-0.228133
102549.0,-0.09,-0.4,-1.02,0.157417,-0.916427,0.29978,-0.213338
102560.0,-0.02,-0.46,-1.03,0.159174,-0.916333,0.307826,-0.200601
102569.0,-0.02,-0.56,-1.04,0.160128,-0.916026,0.315357,-0.189222
102579.0,0.0,-0.68,-1.07,0.159767,-0.915806,0.322678,-0.177913
102590.0,0.02,-0.74,-1.09,0.157518,-0.91578,0.330365,-0.16551
102599.0,0.03,-0.66,-1.09,0.153519,-0.915852,0.338578,-0.151696
102609.0,-0.02,-0.63,-1.12,0.149283,-0.915747,0.346828,-0.137232
102619.0,-0.05,-0.64,-1.18,0.14646,-0.915232,0.354609,-0.123092
102630.0,-0.19,-0.58,-1.16,0.145339,-0.914533,0.361052,-0.110217
102639.0,-0.26,-0.51,-1.18,0.145219,-0.913844,0.365998,-0.099225
102649.0,-0.25,-0.57,-1.22,0.145665,-0.913282,0.369501,-0.09037
102660.0,-0.04,-0.54,-1.16,0.145563,-0.912978,0.371937,-0.083342
102669.0,-0.04,-0.51,-1.2,0.144583,-0.912986,0.37368,-0.076917
102679.0,-0.0,-0.46,-1.24,0.142756,-0.913221,0.375205,-0.069779
102689.0,-0.04,-0.38,-1.3,0.140048,-0.913447,0.377072,-0.061795
102699.0,-0.08,-0.31,-1.3,0.137112,-0.913403,0.379524,-0.053439
102709.0,-0.13,-0.3,-1.29,0.135001,-0.91304,0.382148,-0.04578
102719.0,-0.17,-0.31,-1.2,0.134304,-0.912422,0.384552,-0.039596
102729.0,-0.17,-0.46,-1.13,0.134533,-0.911751,0.386507,-0.034982
102739.0,-0.17,-0.52,-1.21,0.13559,-0.911296,0.387535,-0.031169
102750.0,-0.11,-0.59,-1.26,0.136223,-0.911227,0.387789,-0.026987
102759.0,-0.08,-0.53,-1.3,0.135915,-0.91133,0.387963,-0.022127
102769.0,-0.07,-0.42,-1.35,0.1348,-0.911504,0.388214,-0.016729
102780.0,-0.11,-0.33,-1.35,0.133434,-0.911619,0.388609,-0.011405
102789.0,-0.11,-0.24,-1.3,0.132693,-0.91155,0.389129,-0.006842
102799.0,-0.15,-0.37,-1.23,0.133502,-0.911147,0.389841,-0.003362
102809.0,-0.17,-0.42,-1.17,0.135335,-0.910656,0.390371,-0.000967
102819.0,-0.22,-0.41,-1.1,0.137056,-0.910424,0.390313,0.000733
102829.0,-0.12,-0.42,-1.12,0.138253,-0.910431,0.389866,0.002339
102840.0,-0.12,-0.4,-1.18,0.138769,-0.910674,0.3891,0.004192
102849.0,-0.1,-0.27,-1.22,0.138995,-0.911051,0.388109,0.006227
102860.0,-0.11,-0.28,-1.25,0.139498,-0.911327,0.387244,0.00812
102869.0,-0.13,-0.27,-1.28,0.140681,-0.911394,0.38662,0.009778
102880.0,-0.13,-0.3,-1.27,0.142238,-0.911248,0.38635,0.011317
102889.0,-0.14,-0.38,-1.23,0.143777,-0.910913,0.386522,0.012871
102900.0,-0.15,-0.48,-1.22,0.14494,-0.910522,0.386951,0.01455
102909.0,-0.18,-0.54,-1.2,0.145337,-0.910326,0.387188,0.016396
102920.0,-0.18,-0.42,-1.22,0.14473,-0.910472,0.386991,0.018225
102929.0,-0.17,-0.41,-1.23,0.143327,-0.910941,0.386332,0.019765
102940.0,-0.18,-0.28,-1.17,0.141879,-0.911642,0.385173,0.020515
102949.0,-0.18,-0.27,-1.15,0.141009,-0.912388,0.383737,0.020268
102960.0,-0.15,-0.31,-1.12,0.141212,-0.913016,0.382214,0.019324
102969.0,-0.1,-0.34,-1.09,0.141998,-0.913493,0.380839,0.018147
102980.0,-0.12,-0.4,-1.05,0.142863,-0.913863,0.379667,0.01726
102989.0,-0.13,-0.44,-1.05,0.143311,-0.914268,0.378545,0.016748
103000.0,-0.14,-0.44,-1.05,0.143206,-0.914799,0.377308,0.016532
103009.0,-0.16,-0.42,-1.02,0.142632,-0.915459,0.375926,0.016475
103020.0,-0.16,-0.47,-1.04,0.14202,-0.9162,0.374351,0.016443
103029.0,-0.17,-0.42,-1.02,0.141537,-0.917032,0.372496,0.0163
103040.0,-0.2,-0.37,-1.05,0.141302,-0.918012,0.370188,0.015761
103049.0,-0.23,-0.4,-1.05,0.14139,-0.919119,0.367442,0.014642
103060.0,-0.14,-0.41,-1.04,0.141548,-0.920369,0.364298,0.013117
103070.0,-0.14,-0.42,-1.05,0.141301,-0.921646,0.361209,0.011444
103079.0,-0.11,-0.46,-1.02,0.140502,-0.922931,0.358273,0.009913
103090.0,-0.06,-0.51,-1.02,0.139257,-0.924217,0.355465,0.008612
103099.0,-0.09,-0.58,-0.99,0.137797,-0.925516,0.352667,0.00758
103110.0,-0.1,-0.59,-0.98,0.136185,-0.926884,0.349705,0.006788
103119.0,-0.13,-0.69,-0.97,0.134628,-0.928364,0.346381,0.006008
103130.0,-0.2,-0.62,-0.97,0.133449,-0.93006,0.342282,0.00485
103140.0,-0.22,-0.62,-1.0,0.132659,-0.932049,0.337157,0.003253
103149.0,-0.21,-0.55,-1.0,0.131927,-0.934288,0.33121,0.001231
103160.0,-0.17,-0.51,-0.99,0.130878,-0.936717,0.324702,-0.001137
103169.0,-0.12,-0.48,-0.98,0.129497,-0.939212,0.317958,-0.003843
103180.0,-0.1,-0.46,-0.99,0.12801,-0.941659,0.311201,-0.006769
103189.0,-0.09,-0.55,-0.95,0.126405,-0.944003,0.304611,-0.009626
103199.0,-0.08,-0.57,-0.93,0.124468,-0.946275,0.2982,-0.012198
103210.0,-0.11,-0.6,-0.91,0.122099,-0.948525,0.291861,-0.014509
103219.0,-0.13,-0.62,-0.89,0.119777,-0.950769,0.285327,-0.016777
103230.0,-0.18,-0.65,-0.91,0.117834,-0.953058,0.278271,-0.019008
103240.0,-0.18,-0.65,-0.92,0.116174,-0.955488,0.27037,-0.021142
103249.0,-0.17,-0.63,-0.97,0.11473,-0.958048,0.261606,-0.023322
103260.0,-0.15,-0.6,-0.95,0.113177,-0.960735,0.25203,-0.025672
103270.0,-0.14,-0.54,-0.96,0.111043,-0.963525,0.241855,-0.028208
103279.0,-0.14,-0.47,-1.01,0.108288,-0.966335,0.231309,-0.031075
103290.0,-0.14,-0.38,-0.97,0.105173,-0.969073,0.220569,-0.034422
103300.0,-0.13,-0.36,-0.91,0.102353,-0.971608,0.209853,-0.038258
103309.0,-0.1,-0.36,-0.84,0.100411,-0.973887,0.199173,-0.04234
103320.0,-0.08,-0.41,-0.83,0.099306,-0.975959,0.188417,-0.046282
103330.0,-0.05,-0.46,-0.82,0.098589,-0.977904,0.177528,-0.049684
103340.0,-0.06,-0.45,-0.81,0.097467,-0.979793,0.16662,-0.052376
103350.0,-0.09,-0.41,-0.83,0.095475,-0.981673,0.155752,-0.054257
103359.0,-0.09,-0.37,-0.84,0.092634,-0.983529,0.144945,-0.055505
103370.0,-0.1,-0.31,-0.9,0.089483,-0.985317,0.134046,-0.056347
103380.0,-0.09,-0.24,-0.95,0.086328,-0.986988,0.123053,-0.057103
103389.0,-0.11,-0.2,-0.94,0.083709,-0.988473,0.112045,-0.057972
103400.0,-0.12,-0.2,-0.96,0.082062,-0.989721,0.101108,-0.059118
103409.0,-0.11,-0.2,-0.92,0.081576,-0.990714,0.090249,-0.060716
103420.0,-0.09,-0.27,-0.94,0.081916,-0.99151,0.079393,-0.062409
103430.0,-0.03,-0.34,-0.88,0.081928,-0.992229,0.068437,-0.063922
103440.0,-0.05,-0.31,-0.87,0.080875,-0.992923,0.057614,-0.065141
103450.0,-0.05,-0.29,-0.88,0.078639,-0.993609,0.046979,-0.065957
103460.0,-0.07,-0.24,-0.9,0.075729,-0.994244,0.036479,-0.066431
103470.0,-0.08,-0.2,-0.9,0.07283,-0.99478,0.02606,-0.066556
103480.0,-0.11,-0.2,-0.96,0.070544,-0.995166,0.015686,-0.066504
103490.0,-0.14,-0.17,-0.92,0.069025,-0.995377,0.005326,-0.066575
103499.0,-0.14,-0.18,-0.9,0.068393,-0.995403,-0.005052,-0.066853
103510.0,-0.17,-0.25,-0.84,0.068498,-0.995257,-0.015442,-0.067326
103519.0,-0.16,-0.3,-0.85,0.06899,-0.994983,-0.025992,-0.067631
103530.0,-0.14,-0.32,-0.85,0.068904,-0.994637,-0.036858,-0.067761
103539.0,-0.15,-0.28,-0.85,0.067884,-0.994225,-0.04794,-0.067901
103550.0,-0.15,-0.23,-0.85,0.066443,-0.993707,-0.05925,-0.067985
103559.0,-0.18,-0.16,-0.83,0.065303,-0.993027,-0.070746,-0.068035
103570.0,-0.2,-0.13,-0.8,0.065157,-0.992132,-0.082434,-0.068068
103580.0,-0.31,-0.17,-0.76,0.066325,-0.991013,-0.094196,-0.067978
103590.0,-0.22,-0.23,-0.87,0.068516,-0.989703,-0.106114,-0.067336
103600.0,-0.18,-0.27,-0.83,0.069943,-0.988287,-0.11811,-0.06668
103610.0,-0.12,-0.2,-0.86,0.069692,-0.986834,-0.130202,-0.065943
103620.0,-0.12,-0.24,-0.87,0.067639,-0.985368,-0.142199,-0.065219
103630.0,-0.19,-0.17,-0.89,0.064383,-0.983812,-0.154357,-0.064357
103639.0,-0.21,-0.07,-0.94,0.060435,-0.982103,-0.166752,-0.063367
103650.0,-0.29,0.03,-1.01,0.056681,-0.980163,-0.179427,-0.062239
103660.0,-0.26,0.18,-1.03,0.054021,-0.977988,-0.19201,-0.061258
103670.0,-0.23,0.12,-0.97,0.053184,-0.975592,-0.204274,-0.060524
103680.0,-0.16,0.02,-0.96,0.054239,-0.973016,-0.216188,-0.05968
103690.0,-0.13,-0.11,-0.97,0.056186,-0.970305,-0.227892,-0.058455
103700.0,-0.13,-0.2,-0.95,0.057594,-0.96748,-0.239659,-0.056824
103710.0,-0.14,-0.17,-0.97,0.05697,-0.964584,-0.251534,-0.055335
103720.0,-0.14,-0.05,-0.95,0.053948,-0.961567,-0.263644,-0.054508
103730.0,-0.19,0.08,-0.94,0.049374,-0.958361,-0.275962,-0.054332
103740.0,-0.21,0.29,-0.93,0.0447,-0.95493,-0.28842,-0.054078
103750.0,-0.17,0.35,-1.0,0.041002,-0.951386,-0.30058,-0.053245
103760.0,-0.15,0.42,-0.99,0.038597,-0.947828,-0.312137,-0.05198
103770.0,-0.12,0.4,-1.0,0.037252,-0.944339,-0.322926,-0.050544
103780.0,-0.05,0.36,-0.96,0.03642,-0.940987,-0.332874,-0.049106
103790.0,-0.02,0.32,-0.92,0.03537,-0.937838,-0.341939,-0.04781
103800.0,-0.01,0.3,-0.91,0.033815,-0.93488,-0.350278,-0.046491
103810.0,-0.03,0.28,-0.9,0.031594,-0.932072,-0.358079,-0.044972
103820.0,-0.07,0.29,-0.91,0.028785,-0.929353,-0.365523,-0.04322
103830.0,-0.1,0.36,-0.93,0.025777,-0.926696,-0.372657,-0.041201
103840.0,-0.1,0.36,-1.03,0.023131,-0.924102,-0.37949,-0.038571
103850.0,-0.14,0.39,-1.07,0.020889,-0.921624,-0.38589,-0.035513
103860.0,-0.12,0.35,-1.09,0.019043,-0.919285,-0.391776,-0.03262
103870.0,-0.07,0.36,-1.1,0.017722,-0.917032,-0.397263,-0.030323
103880.0,-0.06,0.49,-1.1,0.016683,-0.914814,-0.402509,-0.028709
103890.0,-0.06,0.32,-0.96,0.016183,-0.91271,-0.407367,-0.027394
103900.0,-0.05,0.39,-0.99,0.016351,-0.91072,-0.411888,-0.025882
103910.0,-0.07,0.39,-0.94,0.016553,-0.908945,-0.415881,-0.02427
103920.0,-0.05,0.35,-0.87,0.016938,-0.907419,-0.419294,-0.022279
103930.0,-0.06,0.25,-0.9,0.017618,-0.906199,-0.422032,-0.019574
103940.0,-0.06,0.13,-0.92,0.018087,-0.905203,-0.424285,-0.016203
103950.0,-0.06,0.11,-0.96,0.017586,-0.904304,-0.426336,-0.012754
103960.0,-0.1,0.08,-1.03,0.015641,-0.903413,-0.428377,-0.009659
103970.0,-0.12,0.2,-1.08,0.012337,-0.902452,-0.430554,-0.007231
103980.0,-0.13,0.28,-1.16,0.008466,-0.901389,-0.432893,-0.005391
103990.0,-0.13,0.38,-1.2,0.004933,-0.900249,-0.43533,-0.003904
104000.0,-0.12,0.43,-1.22,0.002413,-0.899114,-0.437702,-0.002391
104010.0,-0.11,0.42,-1.21,0.001075,-0.898084,-0.439823,-0.000763
104020.0,-0.11,0.39,-1.19,0.000642,-0.89727,-0.441482,0.000693
104030.0,-0.1,0.38,-1.15,0.000716,-0.89669,-0.442655,0.001882
104040.0,-0.09,0.3,-1.08,0.000991,-0.896349,-0.443339,0.002908
104050.0,-0.08,0.25,-1.04,0.001169,-0.896189,-0.443654,0.003881
104060.0,-0.07,0.22,-1.01,0.000973,-0.896122,-0.44378,0.004916
104070.0,-0.07,0.2,-1.01,0.000151,-0.896133,-0.443745,0.006031
104080.0,-0.07,0.21,-1.04,-0.001293,-0.896246,-0.443497,0.007228
104090.0,-0.09,0.2,-1.11,-0.002988,-0.896478,-0.442994,0.008646
104100.0,-0.1,0.19,-1.15,-0.004659,-0.896819,-0.442255,0.010265
104110.0,-0.1,0.14,-1.15,-0.005856,-0.897263,-0.441293,0.012051
104120.0,-0.1,0.11,-1.16,-0.006253,-0.897723,-0.440299,0.013812
104130.0,-0.11,0.07,-1.14,-0.006038,-0.898098,-0.439488,0.015306
104140.0,-0.12,0.07,-1.12,-0.005584,-0.898322,-0.438999,0.016326
104150.0,-0.1,0.08,-1.11,-0.005161,-0.898442,-0.43874,0.01678
104160.0,-0.05,0.08,-1.07,-0.004713,-0.898551,-0.438518,0.016881
104170.0,-0.03,0.04,-1.04,-0.004252,-0.898703,-0.438207,0.017038
104180.0,-0.03,0.01,-1.03,-0.003817,-0.898897,-0.437796,0.017449
104190.0,-0.04,-0.05,-1.03,-0.003463,-0.899088,-0.437383,0.018009
104200.0,-0.04,-0.07,-1.03,-0.003291,-0.899204,-0.437123,0.018549
104210.0,-0.05,-0.07,-1.05,-0.00361,-0.899177,-0.43716,0.01891
104220.0,-0.06,-0.03,-1.06,-0.004567,-0.899008,-0.437501,0.018881
104231.0,-0.06,0.02,-1.06,-0.005901,-0.898726,-0.438086,0.018369
104240.0,-0.04,0.04,-1.07,-0.007205,-0.898387,-0.438791,0.017631
104251.0,-0.04,0.07,-1.09,-0.008203,-0.89805,-0.439492,0.016918
104260.0,-0.06,0.05,-1.07,-0.008838,-0.897759,-0.440099,0.016217
104271.0,-0.07,0.05,-1.06,-0.009125,-0.897494,-0.440659,0.015514
104280.0,-0.07,0.06,-1.03,-0.009059,-0.897222,-0.441241,0.014741
104290.0,-0.07,0.06,-1.02,-0.008626,-0.896895,-0.441942,0.013873
104301.0,-0.07,0.09,-0.97,-0.007974,-0.896484,-0.442816,0.012919
104310.0,-0.06,0.09,-0.95,-0.007222,-0.896046,-0.443742,0.011911
104320.0,-0.05,0.07,-0.93,-0.006393,-0.895638,-0.444603,0.010939
104330.0,-0.06,0.06,-0.91,-0.005572,-0.895255,-0.445403,0.010189
104340.0,-0.03,0.02,-0.94,-0.004977,-0.894896,-0.44614,0.009709
104350.0,-0.05,0.01,-0.96,-0.004903,-0.894556,-0.446833,0.0093
104360.0,-0.1,0.01,-0.98,-0.005288,-0.894181,-0.447584,0.008945
104370.0,-0.14,0.02,-1.01,-0.00607,-0.893736,-0.448471,0.008506
104380.0,-0.17,0.07,-1.01,-0.007144,-0.893179,-0.449579,0.007679
104390.0,-0.19,0.12,-1.04,-0.008355,-0.892448,-0.451028,0.006386
104400.0,-0.21,0.14,-1.03,-0.009529,-0.891686,-0.45253,0.004622
104410.0,-0.2,0.12,-1.0,-0.010362,-0.891004,-0.453869,0.002625
104421.0,-0.19,0.06,-0.98,-0.010662,-0.890387,-0.455079,0.000898
104430.0,-0.2,-0.14,-0.97,-0.01071,-0.889737,-0.456348,-0.000541
104441.0,-0.21,-0.05,-1.03,-0.011092,-0.888918,-0.457928,-0.002135
104450.0,-0.21,-0.19,-0.93,-0.012499,-0.887808,-0.460022,-0.004473
104460.0,-0.2,-0.11,-0.88,-0.015185,-0.886359,-0.462693,-0.007222
104471.0,-0.15,0.05,-0.98,-0.019497,-0.884684,-0.465673,-0.010169
104480.0,-0.16,0.14,-1.03,-0.024644,-0.882843,-0.468838,-0.013101
104491.0,-0.21,0.24,-1.07,-0.030166,-0.880604,-0.472621,-0.015974
104500.0,-0.21,0.38,-1.12,-0.034967,-0.878402,-0.476279,-0.01857
104510.0,-0.24,0.34,-1.16,-0.038576,-0.876513,-0.479376,-0.02087
104521.0,-0.27,0.15,-1.15,-0.040969,-0.875051,-0.481751,-0.022897
104530.0,-0.31,0.32,-1.17,-0.042619,-0.873826,-0.483725,-0.024927
104541.0,-0.32,0.39,-1.11,-0.043789,-0.872879,-0.485196,-0.027373
104550.0,-0.31,0.26,-1.08,-0.043725,-0.872154,-0.486366,-0.029723
104561.0,-0.23,0.19,-1.06,-0.042354,-0.871548,-0.487428,-0.031985
104570.0,-0.2,0.05,-1.03,-0.039737,-0.870977,-0.488548,-0.033789
104581.0,-0.09,0.02,-0.99,-0.035902,-0.870481,-0.489657,-0.034788
104590.0,-0.08,0.06,-1.11,-0.031803,-0.870009,-0.490772,-0.034873
104600.0,-0.13,-0.17,-1.11,-0.028609,-0.869476,-0.491924,-0.034689
104611.0,-0.15,-0.19,-1.12,-0.026948,-0.868569,-0.49356,-0.035507
104620.0,-0.15,-0.13,-1.11,-0.027652,-0.867316,-0.495495,-0.038496
104630.0,-0.25,-0.0,-1.1,-0.030179,-0.865564,-0.498032,-0.043034
104641.0,-0.23,0.16,-1.02,-0.033297,-0.863629,-0.500671,-0.048626
104651.0,-0.17,0.19,-0.97,-0.035576,-0.861826,-0.503008,-0.054518
104660.0,-0.05,0.38,-0.92,-0.036526,-0.860298,-0.504935,-0.059953
104671.0,0.11,0.37,-0.9,-0.036484,-0.85929,-0.506098,-0.06446
104680.0,0.13,0.15,-0.93,-0.035159,-0.858816,-0.506624,-0.067313
104691.0,0.14,0.07,-0.88,-0.032424,-0.858638,-0.506936,-0.068599
104700.0,0.15,-0.07,-0.91,-0.02927,-0.858474,-0.507355,-0.068964
104711.0,0.12,-0.08,-0.91,-0.026373,-0.858174,-0.507983,-0.069246
104720.0,0.09,-0.1,-0.85,-0.02425,-0.857596,-0.508952,-0.070065
104730.0,-0.02,-0.11,-0.89,-0.023018,-0.856724,-0.510286,-0.071428
104741.0,-0.02,-0.03,-0.88,-0.022559,-0.855704,-0.511692,-0.073703
104750.0,0.05,-0.04,-0.8,-0.022117,-0.854573,-0.513152,-0.076752
104761.0,0.16,0.0,-0.78,-0.021252,-0.853389,-0.514683,-0.07986
104771.0,0.19,0.17,-0.84,-0.019815,-0.852334,-0.516067,-0.082513
104781.0,0.29,0.2,-0.82,-0.018057,-0.851566,-0.517061,-0.084602
104791.0,0.35,0.06,-0.78,-0.016353,-0.85116,-0.517555,-0.086003
104801.0,0.27,0.05,-0.88,-0.015274,-0.851141,-0.517486,-0.086795
104811.0,0.29,-0.02,-0.92,-0.015138,-0.851368,-0.516945,-0.087812
104821.0,0.23,-0.01,-0.85,-0.015614,-0.851678,-0.516162,-0.089315
104831.0,0.23,0.07,-0.85,-0.015981,-0.851691,-0.515788,-0.091269
104841.0,0.18,0.09,-0.87,-0.01536,-0.851199,-0.516233,-0.093423
104851.0,0.21,0.03,-0.73,-0.012888,-0.850292,-0.517354,-0.095822
104860.0,0.24,0.08,-0.71,-0.009025,-0.849133,-0.518931,-0.097986
104871.0,0.31,-0.08,-0.64,-0.00499,-0.84796,-0.520602,-0.099555
104880.0,0.34,0.0,-0.67,-0.00176,-0.847083,-0.521829,-0.100706
104891.0,0.33,0.0,-0.66,-0.000623,-0.846731,-0.522237,-0.101563
104900.0,0.35,0.08,-0.69,-0.001637,-0.846813,-0.52203,-0.101927
104911.0,0.32,0.16,-0.73,-0.00435,-0.847438,-0.52096,-0.102131
104921.0,0.31,0.3,-0.74,-0.007729,-0.848353,-0.519408,-0.102241
104931.0,0.26,0.42,-0.64,-0.010921,-0.849498,-0.517546,-0.101885
104941.0,0.21,0.1,-0.59,-0.013277,-0.851043,-0.515296,-0.100102
104951.0,0.19,0.01,-0.69,-0.014294,-0.852643,-0.513345,-0.096299
104961.0,0.24,0.22,-0.82,-0.013954,-0.854015,-0.512128,-0.090492
104971.0,0.24,0.19,-1.05,-0.013307,-0.854919,-0.511755,-0.083918
104980.0,0.21,0.12,-1.19,-0.0131,-0.855478,-0.511812,-0.077673
104991.0,0.2,-0.01,-1.22,-0.014263,-0.856051,-0.511532,-0.072866
105001.0,0.26,0.09,-1.2,-0.016451,-0.856836,-0.510623,-0.069465
105011.0,0.28,0.15,-1.18,-0.019851,-0.858008,-0.508894,-0.066745
105020.0,0.2,0.41,-1.1,-0.023851,-0.85946,-0.506644,-0.063808
105031.0,0.2,0.06,-1.15,-0.027401,-0.861136,-0.50404,-0.060309
105041.0,0.21,0.1,-1.07,-0.029017,-0.862964,-0.501298,-0.056141
105051.0,0.2,-0.06,-1.08,-0.029289,-0.864671,-0.498866,-0.051185
105061.0,0.19,-0.09,-1.17,-0.028962,-0.865993,-0.49713,-0.045608
105071.0,0.18,-0.1,-1.22,-0.029268,-0.866808,-0.496155,-0.040222
105081.0,0.16,-0.09,-1.25,-0.030724,-0.867229,-0.495667,-0.035834
105091.0,0.16,0.02,-1.29,-0.033372,-0.867482,-0.495266,-0.032758
105101.0,0.15,0.18,-1.25,-0.036515,-0.867685,-0.494808,-0.030894
105111.0,0.22,0.27,-1.18,-0.039144,-0.867973,-0.494168,-0.029789
105121.0,0.25,0.34,-1.2,-0.040589,-0.868459,-0.493257,-0.028779
105131.0,0.26,0.32,-1.15,-0.040628,-0.869189,-0.492047,-0.027382
105141.0,0.28,0.24,-1.14,-0.039474,-0.870282,-0.490324,-0.025157
105151.0,0.29,0.17,-1.18,-0.037586,-0.871743,-0.488029,-0.021903
105160.0,0.23,0.08,-1.16,-0.035551,-0.873458,-0.48526,-0.018167
105171.0,0.23,0.02,-1.18,-0.033659,-0.875255,-0.482272,-0.014491
105181.0,0.21,-0.06,-1.17,-0.031953,-0.876932,-0.479416,-0.011405
105191.0,0.18,-0.07,-1.17,-0.030308,-0.87825,-0.477148,-0.00941
105201.0,0.2,-0.05,-1.11,-0.028482,-0.879083,-0.475737,-0.008747
105211.0,0.24,-0.02,-1.07,-0.02641,-0.879481,-0.475116,-0.009011
105221.0,0.26,0.04,-1.03,-0.024348,-0.879572,-0.475043,-0.009703
105231.0,0.27,0.1,-1.01,-0.022652,-0.879524,-0.475199,-0.010548
105241.0,0.28,0.13,-1.02,-0.021498,-0.87948,-0.475313,-0.011404
105251.0,0.25,0.16,-1.0,-0.020804,-0.879538,-0.475221,-0.012022
105261.0,0.26,0.18,-1.01,-0.020452,-0.879753,-0.474833,-0.012217
105271.0,0.21,0.18,-1.04,-0.020319,-0.880136,-0.474135,-0.011992
105281.0,0.19,0.14,-1.04,-0.02029,-0.880626,-0.473239,-0.011414
105291.0,0.14,0.1,-1.04,-0.020078,-0.881123,-0.47234,-0.010636
105301.0,0.12,0.09,-1.06,-0.01946,-0.881549,-0.471588,-0.009867
105311.0,0.1,0.05,-1.04,-0.018525,-0.881809,-0.471146,-0.009508
105321.0,0.08,0.05,-1.03,-0.017375,-0.881809,-0.471187,-0.009729
105331.0,0.1,0.02,-1.03,-0.016266,-0.881564,-0.471668,-0.010415
105341.0,0.1,0.05,-1.01,-0.015339,-0.881206,-0.472351,-0.011197
105351.0,0.09,0.03,-1.01,-0.014753,-0.880889,-0.472946,-0.011824
105361.0,0.07,0.02,-1.01,-0.01458,-0.880685,-0.473319,-0.01227
105371.0,0.05,-0.01,-1.01,-0.014765,-0.880571,-0.473514,-0.012682
105381.0,0.02,0.01,-1.02,-0.015335,-0.880492,-0.473629,-0.013193
105391.0,0.01,0.04,-1.01,-0.016177,-0.880428,-0.4737,-0.013889
105401.0,-0.01,0.08,-1.02,-0.017047,-0.880374,-0.473746,-0.01468
105411.0,-0.01,0.1,-1.02,-0.017686,-0.880326,-0.473791,-0.015349
105421.0,-0.02,0.08,-1.02,-0.017868,-0.88027,-0.473871,-0.015874
105431.0,-0.01,0.06,-1.01,-0.017486,-0.880206,-0.47399,-0.016269
105441.0,-0.01,0.05,-0.99,-0.016701,-0.880155,-0.474105,-0.016519
105451.0,-0.01,0.03,-0.99,-0.015701,-0.88012,-0.4742,-0.016632
105461.0,-0.0,0.02,-0.97,-0.014642,-0.880086,-0.474293,-0.016709
105471.0,0.0,0.0,-0.97,-0.01356,-0.880066,-0.474362,-0.016738
105481.0,0.01,-0.04,-0.96,-0.012652,-0.880063,-0.474396,-0.016654
105491.0,-0.0,-0.01,-0.98,-0.01226,-0.880057,-0.474416,-0.016698
105501.0,-0.01,0.01,-0.97,-0.012394,-0.880055,-0.474407,-0.016935
105511.0,-0.01,0.03,-0.97,-0.012748,-0.880044,-0.474409,-0.017203
105521.0,-0.01,0.05,-0.98,-0.01307,-0.880029,-0.474423,-0.017347
105531.0,-0.02,0.05,-0.98,-0.013185,-0.880001,-0.474471,-0.017341
105541.0,-0.01,0.06,-0.99,-0.013094,-0.879931,-0.474606,-0.017306
105551.0,0.01,0.08,-0.98,-0.012941,-0.879841,-0.474774,-0.017394
105561.0,0.02,0.1,-0.98,-0.01272,-0.879778,-0.474891,-0.017565
105571.0,0.03,0.12,-0.95,-0.012338,-0.879771,-0.47491,-0.017656
105581.0,0.02,0.09,-0.97,-0.011814,-0.879844,-0.474792,-0.017544
105591.0,0.03,0.09,-0.97,-0.011307,-0.880003,-0.474519,-0.017286
105601.0,0.03,0.06,-0.99,-0.010988,-0.880217,-0.474142,-0.016931
105611.0,0.04,0.05,-1.01,-0.01084,-0.880452,-0.473725,-0.01647
105621.0,0.04,0.03,-1.0,-0.010895,-0.880712,-0.473259,-0.015933
105631.0,0.03,0.02,-1.02,-0.011125,-0.881,-0.472735,-0.015413
105641.0,0.02,0.01,-1.04,-0.011507,-0.881303,-0.472175,-0.014934
105651.0,0.02,0.02,-1.03,-0.012022,-0.881594,-0.471631,-0.014539
105661.0,-0.01,0.01,-1.06,-0.012517,-0.881878,-0.471095,-0.014279
105671.0,0.01,0.0,-1.04,-0.01289,-0.882136,-0.470607,-0.01412
105681.0,0.01,-0.02,-1.05,-0.01314,-0.882362,-0.470179,-0.014025
105691.0,0.01,-0.01,-1.07,-0.013238,-0.882546,-0.469831,-0.013976
105701.0,0.01,-0.01,-1.03,-0.01329,-0.882687,-0.469565,-0.014001
105711.0,0.02,-0.02,-1.04,-0.013309,-0.88275,-0.469443,-0.014073
105721.0,0.02,0.0,-1.03,-0.013247,-0.882731,-0.469478,-0.014205
105731.0,0.03,-0.0,-1.02,-0.013161,-0.882643,-0.46964,-0.014392
105741.0,0.04,0.01,-0.99,-0.013061,-0.882503,-0.469899,-0.01457
105751.0,0.04,0.02,-0.98,-0.012993,-0.882326,-0.470227,-0.014746
105761.0,0.05,0.04,-0.98,-0.013026,-0.882131,-0.470589,-0.014892
105771.0,0.06,0.04,-1.0,-0.013177,-0.881941,-0.470939,-0.01497
105781.0,0.05,0.06,-1.0,-0.013362,-0.881769,-0.471252,-0.015047
105792.0,0.05,0.06,-0.99,-0.013501,-0.881624,-0.471515,-0.015154
105801.0,0.04,0.06,-0.99,-0.013463,-0.88151,-0.471727,-0.015216
105811.0,0.04,0.03,-0.99,-0.013248,-0.881428,-0.471889,-0.015165
105822.0,0.04,0.02,-0.98,-0.012996,-0.88136,-0.472025,-0.015099
105831.0,0.03,0.01,-1.0,-0.012873,-0.881293,-0.472152,-0.015139
105841.0,0.01,0.03,-1.0,-0.012954,-0.881199,-0.47232,-0.015304
105851.0,0.01,0.04,-1.01,-0.01318,-0.881072,-0.472543,-0.01556
105861.0,0.02,0.06,-1.03,-0.013357,-0.880942,-0.472771,-0.015791
105871.0,0.02,0.07,-1.02,-0.013373,-0.88084,-0.472956,-0.015956
105881.0,0.02,0.06,-1.01,-0.013197,-0.880775,-0.473078,-0.016082
105891.0,0.03,0.05,-1.01,-0.012893,-0.880745,-0.473139,-0.01618
105901.0,0.03,0.03,-1.0,-0.012551,-0.880744,-0.473145,-0.016329
105911.0,0.03,0.04,-0.99,-0.012204,-0.880764,-0.473111,-0.016519
105922.0,0.04,0.03,-0.99,-0.011929,-0.880808,-0.473028,-0.0167
105931.0,0.03,0.03,-0.99,-0.011702,-0.880865,-0.472925,-0.016805
105941.0,0.02,0.03,-1.0,-0.011571,-0.880919,-0.472825,-0.016868
105951.0,0.02,0.02,-1.0,-0.011529,-0.880964,-0.47274,-0.016944
105961.0,0.02,0.01,-0.99,-0.011557,-0.880967,-0.472729,-0.01708
105972.0,0.01,0.02,-0.99,-0.011633,-0.880932,-0.472784,-0.017258
105981.0,0.03,0.02,-0.99,-0.011675,-0.880865,-0.472904,-0.017393
105991.0,0.03,0.03,-1.01,-0.011689,-0.880793,-0.473036,-0.017444
106002.0,0.03,0.03,-1.0,-0.011746,-0.880729,-0.473152,-0.017457
106011.0,0.03,0.05,-0.99,-0.011817,-0.880664,-0.473273,-0.017437
106021.0,0.03,0.04,-1.0,-0.011853,-0.8806,-0.473395,-0.01735
106032.0,0.03,0.04,-1.0,-0.011802,-0.880533,-0.473525,-0.017214
106041.0,0.03,0.03,-1.01,-0.011716,-0.880481,-0.47363,-0.017064
106051.0,0.02,0.03,-1.0,-0.011689,-0.880448,-0.473697,-0.016935
106062.0,0.03,0.04,-1.0,-0.011801,-0.880427,-0.473734,-0.016881
106071.0,0.03,0.04,-1.02,-0.012033,-0.880418,-0.473744,-0.016908
106081.0,0.02,0.05,-1.01,-0.012318,-0.880415,-0.473739,-0.016985
106092.0,0.02,0.04,-1.01,-0.012535,-0.880419,-0.473724,-0.017043
106101.0,0.02,0.04,-1.0,-0.012645,-0.88043,-0.473701,-0.017041
106111.0,0.04,0.03,-1.02,-0.012727,-0.880443,-0.473674,-0.017046
106121.0,0.03,0.03,-1.01,-0.012828,-0.880447,-0.473661,-0.017159
106131.0,0.03,0.06,-1.01,-0.012976,-0.880441,-0.473661,-0.017358
106142.0,0.04,0.05,-1.02,-0.01312,-0.880427,-0.473673,-0.017589
106151.0,0.03,0.06,-1.0,-0.013126,-0.880423,-0.473674,-0.017755
106161.0,0.03,0.02,-1.02,-0.013062,-0.880433,-0.473655,-0.017815
106172.0,0.03,0.02,-1.01,-0.013021,-0.880444,-0.473637,-0.017817
106181.0,0.03,0.02,-1.03,-0.013173,-0.880449,-0.47362,-0.017892
106191.0,0.02,0.04,-1.01,-0.013485,-0.880437,-0.473626,-0.018096
106202.0,0.03,0.04,-1.01,-0.013837,-0.880416,-0.473643,-0.018397
106211.0,0.03,0.04,-1.01,-0.014091,-0.880394,-0.473664,-0.018684
106221.0,0.03,0.04,-1.0,-0.01427,-0.880383,-0.473671,-0.018934
106232.0,0.03,0.03,-0.99,-0.014511,-0.880373,-0.473672,-0.0192
106241.0,0.02,0.02,-0.99,-0.014842,-0.88037,-0.473656,-0.019472
106251.0,0.03,0.03,-0.98,-0.015237,-0.880362,-0.473647,-0.0197
106262.0,0.02,0.04,-1.0,-0.015641,-0.880359,-0.473631,-0.019917
106271.0,0.03,0.05,-1.0,-0.016029,-0.880356,-0.473614,-0.020152
106281.0,0.02,0.05,-1.0,-0.016376,-0.880355,-0.473595,-0.020376
106292.0,0.04,0.07,-1.0,-0.01664,-0.88035,-0.473585,-0.020605
106301.0,0.05,0.05,-0.99,-0.016833,-0.880358,-0.473551,-0.020872
106312.0,0.04,0.05,-0.98,-0.016929,-0.880379,-0.473498,-0.021097
106322.0,0.04,0.02,-0.99,-0.017053,-0.880404,-0.473439,-0.021281
106331.0,0.04,0.04,-0.98,-0.017234,-0.880421,-0.473395,-0.021429
106342.0,0.03,0.04,-0.99,-0.017479,-0.880428,-0.47337,-0.021516
106352.0,0.03,0.02,-0.99,-0.017703,-0.880421,-0.473373,-0.021527
106361.0,0.03,0.02,-1.0,-0.017853,-0.880406,-0.473397,-0.021484
106372.0,0.03,0.03,-0.99,-0.017973,-0.880368,-0.473466,-0.021444
106381.0,0.02,0.04,-1.0,-0.018149,-0.880294,-0.473595,-0.021474
106391.0,0.03,0.06,-0.97,-0.018413,-0.880196,-0.473762,-0.021563
106402.0,0.02,0.07,-0.98,-0.018746,-0.880104,-0.473916,-0.021639
106411.0,0.02,0.06,-1.0,-0.01908,-0.880036,-0.47403,-0.021631
106421.0,0.01,0.08,-0.99,-0.019351,-0.879997,-0.474096,-0.021547
106432.0,0.01,0.09,-1.0,-0.01956,-0.879994,-0.474098,-0.021436
106441.0,0.02,0.08,-0.99,-0.019614,-0.880027,-0.474039,-0.021324
106452.0,0.03,0.08,-1.01,-0.019553,-0.880081,-0.473947,-0.021215
106462.0,0.02,0.08,-0.99,-0.019394,-0.880161,-0.473808,-0.02111
106471.0,0.04,0.06,-0.98,-0.01926,-0.880262,-0.473629,-0.021067
106482.0,0.04,0.06,-0.99,-0.01927,-0.88037,-0.473425,-0.021106
106492.0,0.05,0.07,-1.0,-0.019395,-0.8805,-0.473178,-0.02113
106501.0,0.04,0.06,-1.0,-0.019569,-0.880657,-0.472881,-0.021073
106512.0,0.04,0.05,-1.0,-0.019695,-0.880828,-0.472564,-0.020904
106522.0,0.03,0.04,-1.02,-0.019737,-0.880984,-0.472282,-0.020664
106531.0,0.03,0.03,-1.02,-0.019718,-0.881097,-0.472081,-0.020459
106542.0,0.03,0.02,-1.01,-0.019716,-0.881148,-0.471989,-0.020378
106552.0,0.05,0.05,-1.01,-0.019744,-0.881143,-0.471995,-0.020426
106561.0,0.04,0.05,-1.0,-0.019837,-0.881111,-0.472047,-0.020513
106572.0,0.04,0.05,-1.0,-0.019989,-0.881083,-0.472092,-0.020562
106582.0,0.03,0.06,-1.0,-0.020262,-0.881061,-0.47212,-0.020596
106591.0,0.04,0.06,-1.0,-0.020596,-0.881041,-0.472141,-0.020619
106602.0,0.03,0.05,-1.03,-0.020926,-0.881023,-0.472162,-0.020596
106611.0,0.03,0.05,-1.0,-0.021204,-0.881003,-0.472189,-0.020544
106622.0,0.04,0.05,-1.01,-0.021442,-0.880987,-0.472208,-0.020519
106632.0,0.04,0.07,-1.01,-0.021628,-0.880969,-0.472231,-0.020581
106641.0,0.04,0.05,-1.0,-0.021753,-0.880934,-0.472287,-0.020681
106652.0,0.04,0.06,-0.99,-0.021808,-0.880885,-0.472369,-0.02082
106662.0,0.04,0.05,-0.99,-0.021787,-0.880835,-0.472457,-0.020967
106671.0,0.04,0.04,-0.98,-0.02173,-0.880777,-0.472562,-0.021068
106681.0,0.03,0.04,-0.99,-0.021682,-0.880704,-0.4727,-0.02112
106692.0,0.04,0.04,-0.97,-0.02169,-0.880616,-0.472862,-0.021154
106701.0,0.03,0.04,-0.98,-0.021714,-0.880522,-0.473036,-0.021129
106712.0,0.02,0.04,-0.99,-0.02175,-0.880427,-0.473215,-0.021037
106722.0,0.03,0.05,-0.99,-0.021794,-0.880324,-0.47341,-0.020922
106731.0,0.02,0.05,-1.01,-0.021876,-0.880216,-0.473609,-0.020847
106742.0,0.02,0.06,-1.0,-0.021974,-0.880106,-0.473811,-0.020831
106752.0,0.02,0.06,-1.0,-0.022091,-0.879988,-0.474022,-0.020895
106761.0,0.02,0.06,-1.0,-0.022135,-0.87987,-0.474235,-0.020958
106772.0,0.02,0.06,-1.01,-0.022125,-0.879755,-0.47445,-0.020935
106782.0,0.03,0.07,-1.0,-0.022107,-0.879638,-0.474671,-0.020863
106791.0,0.02,0.07,-1.01,-0.022118,-0.879531,-0.474872,-0.020798
106802.0,0.01,0.07,-1.01,-0.022127,-0.87943,-0.475062,-0.020728
106812.0,0.01,0.08,-1.0,-0.022084,-0.879342,-0.47523,-0.020656
106822.0,0.01,0.07,-1.01,-0.022002,-0.879279,-0.475353,-0.020586
106832.0,0.01,0.07,-1.02,-0.021965,-0.879247,-0.475415,-0.020552
106841.0,0.02,0.08,-1.0,-0.021997,-0.879244,-0.475418,-0.020604
106852.0,0.01,0.06,-1.0,-0.022064,-0.879272,-0.475359,-0.020688
106862.0,0.02,0.06,-1.01,-0.022125,-0.879314,-0.475275,-0.020772
106871.0,0.01,0.04,-1.01,-0.022249,-0.87936,-0.475179,-0.020884
106882.0,0.02,0.05,-1.01,-0.022443,-0.879392,-0.475105,-0.021014
106892.0,0.02,0.06,-1.01,-0.022648,-0.879418,-0.47504,-0.021141
106902.0,0.02,0.05,-1.01,-0.022811,-0.879443,-0.474981,-0.021266
106912.0,0.02,0.05,-1.01,-0.022849,-0.879481,-0.474906,-0.021346
106921.0,0.03,0.04,-1.0,-0.022855,-0.879504,-0.47486,-0.021405
106932.0,0.02,0.04,-0.99,-0.022893,-0.879511,-0.474841,-0.021482
106942.0,0.02,0.06,-0.98,-0.022995,-0.879502,-0.474849,-0.021593
106951.0,0.02,0.07,-1.01,-0.023194,-0.879484,-0.474868,-0.021702
106962.0,0.02,0.07,-1.01,-0.023449,-0.879467,-0.474881,-0.021826
106972.0,0.01,0.08,-1.0,-0.023744,-0.879466,-0.47486,-0.021988
106981.0,0.02,0.1,-1.0,-0.024084,-0.879492,-0.474787,-0.022173
106992.0,0.01,0.09,-1.0,-0.024373,-0.879544,-0.474668,-0.022324
107002.0,0.02,0.08,-1.0,-0.024567,-0.879628,-0.474498,-0.022418
107012.0,0.02,0.06,-1.0,-0.024641,-0.879732,-0.474298,-0.022489
107022.0,0.03,0.07,-1.0,-0.024603,-0.87984,-0.474096,-0.022558
107032.0,0.03,0.06,-1.01,-0.024585,-0.87995,-0.473887,-0.022695
107041.0,0.03,0.06,-1.0,-0.024637,-0.880061,-0.473667,-0.022906
107052.0,0.04,0.06,-1.0,-0.024772,-0.880167,-0.47345,-0.0232
107062.0,0.04,0.06,-1.0,-0.02495,-0.880271,-0.473229,-0.023555
107071.0,0.03,0.07,-1.0,-0.025148,-0.880376,-0.473004,-0.023928
107082.0,0.03,0.06,-0.99,-0.025339,-0.880496,-0.472754,-0.024259
107092.0,0.02,0.06,-1.0,-0.025456,-0.880638,-0.472469,-0.024527
107102.0,0.02,0.05,-0.98,-0.025504,-0.880797,-0.472158,-0.024752
107112.0,0.03,0.04,-0.99,-0.025453,-0.880972,-0.471828,-0.024899
107122.0,0.02,0.03,-1.0,-0.025288,-0.881143,-0.471512,-0.024965
107132.0,0.03,0.02,-1.01,-0.025086,-0.881295,-0.471237,-0.024996
107142.0,0.04,0.02,-1.01,-0.024885,-0.881419,-0.471015,-0.02503
107152.0,0.03,0.02,-0.99,-0.024726,-0.881489,-0.470889,-0.025088
107162.0,0.04,0.03,-0.99,-0.024599,-0.8815,-0.470872,-0.02514
107172.0,0.05,0.03,-0.99,-0.024459,-0.88145,-0.470968,-0.025227
107182.0,0.04,0.05,-0.99,-0.024365,-0.88135,-0.471154,-0.025329
107192.0,0.05,0.06,-1.0,-0.024338,-0.881202,-0.471428,-0.025411
107202.0,0.04,0.07,-1.0,-0.024354,-0.881025,-0.471756,-0.025462
107212.0,0.04,0.08,-1.02,-0.024374,-0.880848,-0.472084,-0.025468
107222.0,0.02,0.07,-1.02,-0.024382,-0.880684,-0.472391,-0.025439
107232.0,0.02,0.08,-1.03,-0.024389,-0.880529,-0.472683,-0.025395
107242.0,0.03,0.1,-1.04,-0.024467,-0.880386,-0.472944,-0.025408
107252.0,0.02,0.1,-1.03,-0.024595,-0.880273,-0.473144,-0.025481
107262.0,0.02,0.1,-1.03,-0.024708,-0.880198,-0.473272,-0.02561
107272.0,0.0,0.09,-1.02,-0.024761,-0.880158,-0.473332,-0.025794
107282.0,0.01,0.11,-1.0,-0.024737,-0.88015,-0.473337,-0.026012
107292.0,0.01,0.08,-0.99,-0.024682,-0.880161,-0.473303,-0.02629
107302.0,0.01,0.08,-0.97,-0.024589,-0.880187,-0.473243,-0.026605
107312.0,0.02,0.07,-0.96,-0.024488,-0.880226,-0.473155,-0.026949
107322.0,0.01,0.07,-0.96,-0.024388,-0.880284,-0.473036,-0.027259
107332.0,0.01,0.07,-0.95,-0.02429,-0.880376,-0.472857,-0.027478
107342.0,0.01,0.06,-0.95,-0.024248,-0.880502,-0.472617,-0.027614
107352.0,0.02,0.07,-0.97,-0.024265,-0.880648,-0.472339,-0.027686
107362.0,0.02,0.06,-0.97,-0.024258,-0.880818,-0.472023,-0.027665
107372.0,0.01,0.04,-1.0,-0.024162,-0.880998,-0.471698,-0.027554
107382.0,0.01,0.04,-0.99,-0.023964,-0.881176,-0.471385,-0.027394
107392.0,0.03,0.04,-0.99,-0.023712,-0.881335,-0.47111,-0.027224
107402.0,0.03,0.04,-0.99,-0.023502,-0.881466,-0.470884,-0.0271
107412.0,0.04,0.04,-0.98,-0.023377,-0.881552,-0.470732,-0.027018
107422.0,0.04,0.07,-1.0,-0.023273,-0.881604,-0.470646,-0.026944
107432.0,0.03,0.07,-0.99,-0.023186,-0.881628,-0.47061,-0.02683
107442.0,0.05,0.07,-0.99,-0.023097,-0.881644,-0.470598,-0.026601
107452.0,0.03,0.08,-1.0,-0.023025,-0.881662,-0.470586,-0.026294
107462.0,0.04,0.07,-1.01,-0.023016,-0.881693,-0.470549,-0.025928
107472.0,0.03,0.08,-1.03,-0.023027,-0.881728,-0.470501,-0.02558
107482.0,0.02,0.09,-1.04,-0.023038,-0.881774,-0.470431,-0.02528
107492.0,0.03,0.08,-1.04,-0.023051,-0.881825,-0.470345,-0.025073
107502.0,0.03,0.1,-1.03,-0.023048,-0.881888,-0.470233,-0.024973
107512.0,0.04,0.09,-1.03,-0.023098,-0.881965,-0.470086,-0.024964
107522.0,0.03,0.09,-1.02,-0.023158,-0.882061,-0.469899,-0.02502
107532.0,0.04,0.09,-1.01,-0.02322,-0.882179,-0.46967,-0.025108
107543.0,0.04,0.09,-1.01,-0.023185,-0.882317,-0.469411,-0.025147
107552.0,0.03,0.07,-1.0,-0.023121,-0.882466,-0.469134,-0.025158
107562.0,0.04,0.05,-1.02,-0.023153,-0.882631,-0.468818,-0.025212
107572.0,0.04,0.05,-1.01,-0.023275,-0.882784,-0.468516,-0.025356
107582.0,0.04,0.05,-1.01,-0.023427,-0.882927,-0.46823,-0.025533
107592.0,0.05,0.07,-0.99,-0.023529,-0.883053,-0.467978,-0.025701
107602.0,0.03,0.05,-0.99,-0.023518,-0.883163,-0.467763,-0.025846
107612.0,0.04,0.04,-0.99,-0.023457,-0.883249,-0.467596,-0.02597
107623.0,0.05,0.06,-1.0,-0.02349,-0.88332,-0.467452,-0.026119
107632.0,0.05,0.05,-0.99,-0.023616,-0.883389,-0.467307,-0.026272
107642.0,0.04,0.07,-0.98,-0.023733,-0.883459,-0.467164,-0.026351
107652.0,0.04,0.06,-0.99,-0.023829,-0.883535,-0.467017,-0.026335
107662.0,0.04,0.06,-0.98,-0.023884,-0.883615,-0.466868,-0.026239
107672.0,0.03,0.06,-1.0,-0.02395,-0.883679,-0.466749,-0.026131
107682.0,0.03,0.05,-1.01,-0.023992,-0.883714,-0.466684,-0.026094
107692.0,0.04,0.05,-1.0,-0.024011,-0.883722,-0.466665,-0.026137
107703.0,0.03,0.06,-1.01,-0.024003,-0.883715,-0.466671,-0.026256
107712.0,0.04,0.07,-1.02,-0.024,-0.88372,-0.466653,-0.026404
107722.0,0.04,0.07,-0.98,-0.024041,-0.883755,-0.466576,-0.026563
107732.0,0.03,0.06,-1.0,-0.024113,-0.883818,-0.466445,-0.026699
107742.0,0.03,0.06,-0.98,-0.024169,-0.883895,-0.466293,-0.026779
107752.0,0.02,0.06,-0.98,-0.024208,-0.883962,-0.46616,-0.026837
107763.0,0.01,0.05,-1.0,-0.024217,-0.88402,-0.466046,-0.026893
107772.0,0.03,0.04,-0.99,-0.024181,-0.884062,-0.465966,-0.026933
107782.0,0.04,0.05,-0.98,-0.024117,-0.884087,-0.465919,-0.026986
107793.0,0.04,0.05,-0.97,-0.024025,-0.884101,-0.465896,-0.026994
107802.0,0.03,0.06,-0.99,-0.023931,-0.884111,-0.465885,-0.026966
107812.0,0.04,0.05,-0.99,-0.023877,-0.884118,-0.465877,-0.026919
107822.0,0.03,0.06,-1.0,-0.023873,-0.88412,-0.465876,-0.026877
107833.0,0.03,0.06,-1.0,-0.023918,-0.884108,-0.465898,-0.026834
107842.0,0.02,0.07,-0.99,-0.023955,-0.884095,-0.465925,-0.026763
107852.0,0.02,0.09,-0.99,-0.023974,-0.884082,-0.465955,-0.02666
107863.0,0.02,0.08,-0.99,-0.024002,-0.884072,-0.465978,-0.02655
107872.0,0.03,0.09,-0.99,-0.023974,-0.884068,-0.465993,-0.026435
107882.0,0.03,0.08,-1.0,-0.023889,-0.884094,-0.465958,-0.026276
107892.0,0.04,0.09,-0.99,-0.023792,-0.884149,-0.46587,-0.026059
107902.0,0.04,0.08,-1.0,-0.023679,-0.88424,-0.465719,-0.025803
107913.0,0.04,0.08,-1.01,-0.023605,-0.884366,-0.465499,-0.025487
107922.0,0.03,0.07,-1.02,-0.023578,-0.884519,-0.465228,-0.025157
107932.0,0.03,0.05,-1.03,-0.023598,-0.884678,-0.46494,-0.024874
107943.0,0.03,0.06,-1.02,-0.02366,-0.884815,-0.464686,-0.024684
107952.0,0.03,0.07,-1.02,-0.023804,-0.884919,-0.464485,-0.024595
107962.0,0.03,0.07,-1.0,-0.023929,-0.88499,-0.464348,-0.024528
107973.0,0.03,0.06,-1.02,-0.024001,-0.885059,-0.464217,-0.024424
107983.0,0.04,0.08,-1.02,-0.024028,-0.885139,-0.464069,-0.02432
107992.0,0.04,0.07,-1.0,-0.024032,-0.885202,-0.463953,-0.024236
108003.0,0.03,0.07,-1.01,-0.024004,-0.885251,-0.463864,-0.024178
108012.0,0.02,0.06,-1.01,-0.023967,-0.885298,-0.463777,-0.02416
108023.0,0.04,0.06,-1.01,-0.023943,-0.885338,-0.463701,-0.024179
108033.0,0.03,0.06,-1.0,-0.023959,-0.885375,-0.463627,-0.024207
108042.0,0.02,0.06,-1.0,-0.024045,-0.885415,-0.463545,-0.024236
108053.0,0.02,0.05,-1.01,-0.024178,-0.885452,-0.463466,-0.024275
108062.0,0.02,0.07,-1.01,-0.024298,-0.885477,-0.463409,-0.024319
108072.0,0.02,0.07,-1.0,-0.024399,-0.885497,-0.463365,-0.024368
108083.0,0.02,0.07,-0.99,-0.024417,-0.88551,-0.463337,-0.02438
108092.0,0.02,0.08,-0.99,-0.024343,-0.885528,-0.463309,-0.024355
108102.0,0.02,0.05,-1.0,-0.024232,-0.885553,-0.46327,-0.024302
108113.0,0.03,0.06,-1.01,-0.024094,-0.88558,-0.463228,-0.024221
108122.0,0.02,0.07,-1.0,-0.024021,-0.885606,-0.463188,-0.024114
108132.0,0.02,0.06,-1.01,-0.023995,-0.885623,-0.463162,-0.024022
108143.0,0.01,0.08,-1.0,-0.02395,-0.885638,-0.463138,-0.023957
108152.0,0.02,0.06,-1.0,-0.023919,-0.885665,-0.463091,-0.023929
108162.0,0.03,0.05,-1.01,-0.023888,-0.885696,-0.463031,-0.023948
108173.0,0.03,0.06,-1.01,-0.023904,-0.885741,-0.462941,-0.024005
108182.0,0.04,0.04,-1.0,-0.024012,-0.885796,-0.462826,-0.024118
108193.0,0.03,0.07,-1.0,-0.024173,-0.885843,-0.462718,-0.024303
108203.0,0.03,0.05,-0.99,-0.024349,-0.885879,-0.462629,-0.024496
108212.0,0.03,0.06,-1.01,-0.024386,-0.885905,-0.462572,-0.024597
108223.0,0.02,0.06,-1.0,-0.024348,-0.885922,-0.462539,-0.024638
108233.0,0.03,0.05,-1.01,-0.024347,-0.885924,-0.462533,-0.024703
108242.0,0.02,0.07,-0.99,-0.024395,-0.885914,-0.46254,-0.024846
108253.0,0.02,0.07,-1.0,-0.024424,-0.8859,-0.462556,-0.025015
108263.0,0.03,0.07,-0.98,-0.02437,-0.885896,-0.46256,-0.025145
108272.0,0.03,0.08,-0.99,-0.02427,-0.885918,-0.462518,-0.025242
108283.0,0.04,0.07,-0.99,-0.024225,-0.885962,-0.462431,-0.025339
108293.0,0.03,0.07,-0.98,-0.024264,-0.886018,-0.462316,-0.025458
108302.0,0.02,0.07,-0.99,-0.024332,-0.886097,-0.462156,-0.025547
108313.0,0.04,0.07,-0.99,-0.024372,-0.88619,-0.461971,-0.025595
108323.0,0.03,0.06,-0.98,-0.024433,-0.886297,-0.46176,-0.02565
108333.0,0.04,0.07,-0.99,-0.024537,-0.886421,-0.461514,-0.025705
108343.0,0.04,0.06,-1.0,-0.024682,-0.886555,-0.461247,-0.025729
108352.0,0.03,0.07,-1.0,-0.024818,-0.886706,-0.460951,-0.025701
108363.0,0.04,0.07,-0.99,-0.024944,-0.886869,-0.460634,-0.025641
108373.0,0.04,0.06,-1.0,-0.025068,-0.887026,-0.460328,-0.025569
108382.0,0.04,0.05,-1.01,-0.025242,-0.887173,-0.46004,-0.025506
108393.0,0.03,0.05,-0.99,-0.025429,-0.887305,-0.459779,-0.025428
108403.0,0.03,0.06,-1.01,-0.02561,-0.887429,-0.459536,-0.025312
108412.0,0.04,0.05,-1.0,-0.025735,-0.887551,-0.459303,-0.025136
108423.0,0.03,0.06,-1.03,-0.02582,-0.887658,-0.459101,-0.024959
108433.0,0.04,0.04,-1.04,-0.025914,-0.887743,-0.458935,-0.024897
108442.0,0.04,0.05,-1.02,-0.02599,-0.887797,-0.458822,-0.024973
108453.0,0.04,0.05,-1.03,-0.026078,-0.887822,-0.458755,-0.025212
108463.0,0.05,0.06,-1.01,-0.026094,-0.887832,-0.458721,-0.025483
108473.0,0.04,0.05,-1.01,-0.026011,-0.887835,-0.458706,-0.025702
108483.0,0.04,0.04,-1.0,-0.025901,-0.887826,-0.458721,-0.025878
108493.0,0.02,0.05,-1.02,-0.025806,-0.887791,-0.458782,-0.02606
108503.0,0.02,0.04,-1.0,-0.025774,-0.887734,-0.458883,-0.02626
108513.0,0.03,0.06,-1.0,-0.025786,-0.887656,-0.459018,-0.026518
108523.0,0.03,0.07,-0.98,-0.025842,-0.887577,-0.459153,-0.026812
108533.0,0.04,0.06,-0.99,-0.025887,-0.887508,-0.459265,-0.027115
108543.0,0.04,0.07,-0.97,-0.025919,-0.887443,-0.459373,-0.027381
108553.0,0.03,0.08,-0.98,-0.026003,-0.887385,-0.459467,-0.027594
108563.0,0.03,0.07,-0.98,-0.026137,-0.887339,-0.459541,-0.027714
108573.0,0.03,0.06,-0.99,-0.02628,-0.887296,-0.459614,-0.027748
108582.0,0.03,0.05,-0.99,-0.02641,-0.88725,-0.459699,-0.027695
108593.0,0.02,0.06,-0.98,-0.026545,-0.887192,-0.459807,-0.027625
108603.0,0.02,0.07,-1.0,-0.026721,-0.887116,-0.459946,-0.027596
108613.0,0.03,0.08,-1.01,-0.026883,-0.887024,-0.460113,-0.02759
108623.0,0.03,0.08,-0.99,-0.027,-0.886941,-0.460268,-0.02758
108633.0,0.02,0.07,-1.0,-0.027039,-0.886881,-0.460385,-0.027517
108643.0,0.03,0.07,-1.02,-0.027042,-0.88684,-0.46047,-0.027409
108653.0,0.02,0.06,-1.01,-0.02708,-0.886814,-0.460523,-0.027308
108663.0,0.01,0.06,-1.02,-0.027106,-0.886784,-0.460585,-0.027208
108673.0,0.0,0.05,-1.02,-0.027094,-0.886743,-0.460669,-0.027149
108683.0,0.01,0.06,-1.01,-0.02703,-0.886674,-0.460807,-0.027131
108693.0,0.02,0.07,-1.03,-0.026973,-0.886579,-0.460989,-0.027213
108703.0,0.02,0.08,-1.0,-0.026918,-0.886484,-0.461166,-0.027336
108713.0,0.02,0.09,-1.0,-0.026879,-0.88639,-0.46134,-0.027489
108723.0,0.02,0.09,-1.01,-0.026841,-0.886298,-0.46151,-0.027646
108733.0,0.02,0.1,-1.02,-0.026861,-0.886218,-0.461652,-0.027813
108743.0,0.01,0.1,-1.0,-0.026972,-0.886166,-0.461734,-0.027988
108753.0,0.02,0.1,-1.01,-0.027144,-0.886146,-0.461753,-0.02816
108763.0,0.01,0.1,-1.02,-0.027318,-0.886159,-0.461707,-0.028338
108773.0,0.03,0.11,-1.0,-0.0274,-0.886199,-0.461616,-0.028475
108783.0,0.02,0.09,-0.99,-0.027368,-0.886258,-0.461499,-0.028562
108793.0,0.02,0.1,-0.98,-0.027269,-0.886325,-0.461375,-0.028596
108803.0,0.02,0.08,-0.99,-0.027247,-0.886396,-0.461234,-0.028676
108813.0,0.01,0.08,-0.98,-0.027316,-0.886484,-0.461055,-0.02878
108823.0,0.02,0.09,-0.98,-0.027434,-0.88659,-0.46084,-0.028859
108833.0,0.03,0.08,-0.96,-0.027493,-0.886705,-0.460614,-0.028852
108843.0,0.04,0.07,-0.98,-0.027486,-0.886845,-0.460351,-0.028753
108853.0,0.05,0.06,-0.97,-0.02747,-0.886984,-0.460094,-0.028606
108863.0,0.05,0.05,-0.96,-0.027475,-0.887119,-0.459843,-0.028449
108873.0,0.06,0.05,-0.96,-0.027554,-0.887239,-0.459617,-0.028293
108883.0,0.06,0.05,-0.98,-0.027672,-0.88734,-0.459426,-0.02811
108893.0,0.05,0.06,-1.0,-0.027791,-0.88742,-0.459278,-0.027889
108903.0,0.06,0.06,-1.0,-0.027954,-0.887493,-0.459142,-0.027622
108913.0,0.04,0.06,-1.02,-0.028131,-0.887561,-0.459015,-0.027363
108923.0,0.03,0.07,-1.02,-0.028287,-0.887613,-0.45892,-0.027105
108933.0,0.03,0.06,-1.01,-0.028405,-0.887648,-0.45886,-0.026863
108943.0,0.03,0.06,-1.04,-0.028478,-0.887661,-0.458843,-0.026652
108953.0,0.02,0.07,-1.04,-0.028538,-0.887661,-0.45885,-0.026465
108963.0,0.03,0.07,-1.06,-0.028619,-0.887657,-0.45886,-0.026348
108973.0,0.02,0.07,-1.05,-0.028696,-0.88766,-0.458848,-0.026344
108983.0,0.02,0.08,-1.05,-0.028734,-0.887669,-0.458823,-0.026469
108993.0,0.02,0.07,-1.05,-0.02869,-0.887678,-0.458795,-0.026679
109003.0,0.02,0.07,-1.04,-0.028549,-0.887698,-0.45875,-0.026939
109013.0,0.0,0.06,-1.03,-0.028361,-0.887729,-0.458684,-0.027237
109023.0,0.0,0.06,-1.01,-0.028163,-0.887764,-0.458609,-0.027559
109033.0,0.01,0.08,-0.99,-0.028025,-0.887804,-0.458518,-0.027914
109043.0,0.01,0.08,-0.98,-0.027938,-0.887854,-0.458404,-0.028279
109053.0,0.02,0.08,-0.97,-0.027845,-0.887922,-0.458259,-0.028603
109063.0,0.01,0.09,-0.98,-0.027723,-0.888004,-0.45809,-0.028857
109074.0,0.03,0.09,-0.97,-0.027601,-0.888099,-0.457902,-0.029051
109083.0,0.03,0.08,-0.96,-0.02747,-0.888213,-0.45768,-0.029177
109093.0,0.03,0.08,-0.97,-0.027357,-0.888345,-0.45743,-0.029212
109103.0,0.04,0.07,-0.98,-0.027328,-0.888496,-0.457142,-0.029141
109113.0,0.04,0.06,-0.98,-0.027385,-0.888662,-0.456825,-0.02901
109123.0,0.03,0.06,-0.98,-0.027552,-0.888829,-0.456497,-0.028887
109133.0,0.03,0.07,-0.98,-0.027786,-0.888986,-0.456183,-0.028771
109143.0,0.03,0.06,-0.99,-0.02799,-0.889125,-0.455909,-0.028641
109153.0,0.03,0.06,-1.0,-0.028144,-0.889249,-0.455666,-0.02851
109163.0,0.03,0.07,-1.01,-0.028205,-0.889359,-0.455458,-0.028343
109173.0,0.04,0.06,-1.01,-0.028177,-0.889461,-0.455272,-0.028163
109183.0,0.04,0.05,-0.99,-0.028084,-0.889554,-0.455109,-0.027957
109193.0,0.04,0.07,-1.02,-0.027992,-0.88964,-0.45496,-0.027737
109203.0,0.02,0.07,-1.01,-0.027954,-0.88971,-0.454835,-0.02756
109213.0,0.04,0.06,-1.02,-0.027927,-0.889765,-0.45474,-0.027386
109223.0,0.03,0.06,-1.02,-0.027966,-0.889804,-0.45467,-0.027237
109233.0,0.03,0.07,-1.02,-0.028053,-0.889823,-0.454635,-0.027134
109243.0,0.02,0.07,-1.0,-0.028158,-0.889818,-0.45464,-0.027097
109254.0,0.03,0.1,-1.02,-0.0283,-0.889811,-0.454644,-0.027096
109263.0,0.03,0.09,-1.03,-0.028454,-0.889806,-0.454642,-0.027133
109273.0,0.02,0.1,-1.02,-0.028606,-0.889815,-0.454611,-0.027207
109284.0,0.03,0.09,-1.02,-0.028748,-0.889832,-0.454561,-0.027318
109293.0,0.03,0.09,-1.01,-0.028793,-0.889853,-0.454509,-0.027451
109303.0,0.03,0.09,-1.0,-0.028804,-0.889876,-0.454454,-0.027598
109313.0,0.03,0.08,-1.01,-0.028861,-0.889896,-0.454399,-0.027806
109323.0,0.03,0.08,-1.0,-0.028921,-0.889902,-0.454367,-0.02807
109333.0,0.03,0.08,-0.98,-0.028956,-0.889904,-0.454346,-0.028334
109343.0,0.04,0.07,-0.99,-0.028948,-0.889912,-0.454316,-0.028564
109353.0,0.04,0.09,-0.99,-0.02892,-0.889933,-0.454264,-0.02875
109363.0,0.04,0.08,-0.97,-0.028955,-0.889965,-0.454189,-0.028926
109373.0,0.05,0.07,-0.96,-0.029033,-0.88999,-0.454124,-0.029088
109383.0,0.05,0.06,-0.99,-0.029141,-0.890016,-0.454061,-0.029187
109394.0,0.04,0.07,-0.97,-0.029309,-0.890042,-0.453997,-0.029224
109403.0,0.04,0.07,-0.98,-0.029508,-0.890064,-0.453942,-0.02919
109413.0,0.04,0.08,-1.01,-0.029687,-0.890088,-0.453889,-0.029101
109424.0,0.04,0.06,-1.0,-0.029807,-0.890108,-0.453847,-0.029016
109433.0,0.03,0.06,-1.02,-0.029863,-0.890114,-0.453834,-0.028979
109443.0,0.04,0.05,-1.03,-0.029898,-0.890105,-0.453847,-0.029023
109454.0,0.05,0.06,-1.02,-0.029899,-0.890068,-0.453909,-0.029164
109463.0,0.06,0.06,-1.01,-0.029849,-0.890015,-0.454008,-0.029331
109473.0,0.06,0.05,-1.02,-0.029733,-0.889957,-0.454119,-0.029469
109484.0,0.04,0.05,-1.0,-0.029602,-0.889893,-0.454248,-0.029563
109493.0,0.03,0.04,-1.0,-0.02949,-0.889817,-0.454399,-0.029618
109503.0,0.04,0.06,-1.0,-0.029364,-0.889708,-0.454618,-0.029669
109514.0,0.03,0.05,-0.98,-0.029195,-0.889569,-0.454896,-0.029742
109523.0,0.04,0.06,-0.98,-0.029013,-0.889403,-0.455226,-0.029825
109534.0,0.05,0.06,-0.98,-0.028897,-0.889229,-0.455568,-0.029909
109544.0,0.04,0.06,-0.98,-0.028875,-0.889047,-0.455918,-0.030011
109553.0,0.04,0.07,-0.99,-0.028934,-0.888861,-0.456268,-0.030124
109564.0,0.03,0.1,-0.99,-0.029005,-0.888691,-0.456591,-0.030202
109573.0,0.02,0.08,-1.02,-0.029017,-0.888542,-0.456879,-0.030213
109583.0,0.01,0.09,-1.02,-0.028994,-0.888421,-0.457118,-0.030172
109593.0,0.01,0.08,-1.01,-0.029013,-0.888319,-0.457316,-0.030173
109604.0,0.0,0.09,-1.01,-0.029019,-0.888221,-0.457501,-0.030233
109613.0,0.01,0.09,-1.0,-0.029005,-0.888147,-0.457641,-0.030309
109624.0,0.01,0.09,-1.01,-0.028918,-0.888109,-0.457716,-0.030357
109634.0,0.0,0.1,-1.01,-0.028766,-0.888106,-0.457732,-0.030379
109643.0,0.01,0.09,-0.99,-0.028596,-0.888133,-0.457687,-0.030405
109654.0,0.02,0.1,-1.01,-0.028386,-0.888177,-0.457615,-0.030418
109664.0,0.01,0.09,-1.0,-0.028141,-0.888238,-0.457513,-0.030401
109673.0,0.02,0.09,-1.01,-0.027937,-0.888315,-0.457378,-0.030361
109684.0,0.02,0.09,-0.99,-0.027799,-0.888408,-0.457209,-0.030316
109694.0,0.01,0.1,-0.98,-0.02773,-0.888516,-0.457007,-0.030242
109703.0,0.02,0.09,-0.98,-0.027676,-0.888641,-0.456775,-0.030131
109714.0,0.02,0.09,-0.98,-0.027609,-0.88876,-0.456555,-0.030002
109724.0,0.02,0.09,-0.99,-0.027539,-0.888885,-0.456327,-0.029824
109733.0,0.04,0.09,-1.0,-0.027492,-0.889003,-0.456117,-0.029597
109744.0,0.04,0.07,-1.0,-0.027497,-0.889127,-0.455887,-0.029383
109753.0,0.03,0.08,-1.0,-0.027629,-0.889249,-0.455654,-0.02919
109764.0,0.04,0.07,-1.01,-0.027908,-0.889348,-0.455452,-0.029045
109774.0,0.04,0.07,-1.01,-0.028161,-0.889433,-0.45528,-0.028915
109783.0,0.05,0.06,-1.01,-0.028329,-0.889512,-0.455126,-0.028741
109794.0,0.06,0.06,-1.03,-0.028479,-0.889576,-0.455003,-0.028569
109804.0,0.05,0.06,-1.03,-0.028689,-0.88962,-0.454909,-0.028474
109813.0,0.05,0.07,-1.03,-0.028918,-0.88964,-0.454858,-0.028434
109824.0,0.05,0.08,-1.04,-0.029126,-0.889636,-0.454851,-0.02846
109833.0,0.04,0.07,-1.03,-0.029294,-0.88962,-0.454866,-0.028555
109843.0,0.04,0.07,-1.02,-0.02944,-0.889596,-0.454893,-0.028717
109854.0,0.04,0.08,-1.01,-0.029537,-0.889565,-0.454936,-0.028908
