76629.0,-0.04,-0.15,-1.01,0.045577,-0.707177,-0.705529,0.007205
76639.0,-0.05,-0.15,-1.02,0.045692,-0.706922,-0.705778,0.007133
76649.0,-0.04,-0.13,-1.0,0.045822,-0.706658,-0.706036,0.007002
76659.0,-0.03,-0.12,-1.0,0.045976,-0.70638,-0.706305,0.006817
76669.0,-0.03,-0.13,-0.99,0.046178,-0.706108,-0.706566,0.006647
76679.0,-0.03,-0.11,-0.99,0.046425,-0.705847,-0.706811,0.006524
76689.0,-0.04,-0.12,-0.99,0.046652,-0.7056,-0.707044,0.006413
76699.0,-0.03,-0.11,-1.01,0.04684,-0.705344,-0.707288,0.006243
76709.0,-0.04,-0.11,-1.0,0.047018,-0.705076,-0.707546,0.005963
76719.0,-0.04,-0.08,-1.01,0.047207,-0.704823,-0.707789,0.005591
76729.0,-0.03,-0.08,-1.01,0.047473,-0.704593,-0.708003,0.00519
76739.0,-0.06,-0.09,-0.99,0.047857,-0.704377,-0.708194,0.004841
76749.0,-0.04,-0.08,-1.0,0.048383,-0.704183,-0.708354,0.004556
76759.0,-0.03,-0.09,-0.99,0.049025,-0.704015,-0.708478,0.00436
76769.0,-0.02,-0.11,-0.97,0.049722,-0.703863,-0.708581,0.004236
76779.0,-0.03,-0.11,-0.96,0.050369,-0.703734,-0.708663,0.004134
76789.0,-0.0,-0.11,-0.96,0.050894,-0.703616,-0.708744,0.004023
76799.0,-0.01,-0.11,-0.95,0.051266,-0.703531,-0.708802,0.003878
76809.0,0.01,-0.11,-0.97,0.051488,-0.703465,-0.708853,0.003718
76819.0,-0.0,-0.12,-0.97,0.051621,-0.703412,-0.708897,0.003572
76829.0,-0.01,-0.12,-0.98,0.051689,-0.703357,-0.708947,0.003455
76839.0,-0.0,-0.12,-1.0,0.051715,-0.703287,-0.709015,0.003292
76849.0,-0.02,-0.13,-1.0,0.051632,-0.703213,-0.709095,0.003092
76859.0,-0.02,-0.11,-1.0,0.051486,-0.70313,-0.709189,0.002858
76869.0,-0.04,-0.11,-1.01,0.051345,-0.703033,-0.709296,0.002664
76879.0,-0.03,-0.1,-1.0,0.051357,-0.702912,-0.709415,0.002627
76889.0,-0.04,-0.14,-1.0,0.051558,-0.702759,-0.709552,0.002746
76899.0,-0.02,-0.16,-0.99,0.051856,-0.702583,-0.709704,0.002902
76909.0,-0.02,-0.15,-0.99,0.052144,-0.702391,-0.709872,0.002978
76919.0,-0.01,-0.15,-0.99,0.05236,-0.702183,-0.710062,0.00292
76929.0,-0.0,-0.14,-0.99,0.052503,-0.701981,-0.710252,0.002815
76939.0,-0.03,-0.13,-1.01,0.052627,-0.701764,-0.710458,0.002761
76949.0,-0.03,-0.13,-1.0,0.05275,-0.701509,-0.7107,0.002815
76959.0,-0.05,-0.13,-1.0,0.052934,-0.701202,-0.710989,0.002925
76969.0,-0.03,-0.12,-0.98,0.053134,-0.700875,-0.711296,0.002985
76979.0,-0.02,-0.11,-0.97,0.053347,-0.700551,-0.711599,0.002979
76989.0,-0.01,-0.12,-0.97,0.053534,-0.700258,-0.711873,0.002982
76999.0,-0.0,-0.13,-0.97,0.053696,-0.70001,-0.712105,0.003026
77009.0,0.01,-0.14,-0.96,0.053798,-0.699783,-0.71232,0.003109
77019.0,0.0,-0.14,-0.96,0.053858,-0.699568,-0.712526,0.003251
77029.0,-0.01,-0.16,-0.98,0.053841,-0.699349,-0.712742,0.003416
77039.0,-0.03,-0.15,-1.01,0.053713,-0.699094,-0.713001,0.0035
77049.0,-0.05,-0.14,-1.01,0.053504,-0.698758,-0.713346,0.003494
77059.0,-0.05,-0.1,-1.01,0.053332,-0.698351,-0.713757,0.003507
77069.0,-0.03,-0.09,-1.0,0.053255,-0.69795,-0.714154,0.003641
77079.0,-0.04,-0.1,-1.0,0.05331,-0.697424,-0.714661,0.004055
77089.0,-0.02,-0.13,-0.98,0.053535,-0.696967,-0.715088,0.00451
77099.0,-0.01,-0.13,-0.96,0.053852,-0.696591,-0.715428,0.004839
77109.0,0.01,-0.14,-0.98,0.054007,-0.696268,-0.71573,0.004958
77119.0,-0.0,-0.14,-0.97,0.05399,-0.696022,-0.715971,0.004918
77129.0,-0.0,-0.13,-0.99,0.053884,-0.69581,-0.716185,0.004977
77139.0,-0.02,-0.14,-1.02,0.053627,-0.695615,-0.716392,0.005119
77149.0,-0.03,-0.11,-1.03,0.053234,-0.695394,-0.716635,0.00526
77159.0,-0.05,-0.09,-1.04,0.052866,-0.695132,-0.716916,0.005369
77169.0,-0.04,-0.08,-1.02,0.052728,-0.69482,-0.717227,0.005487
77179.0,-0.03,-0.09,-1.03,0.052956,-0.694486,-0.717533,0.005585
77189.0,-0.02,-0.08,-1.01,0.053492,-0.694159,-0.717809,0.005705
77199.0,0.0,-0.11,-1.0,0.054134,-0.693873,-0.718037,0.005764
77209.0,0.01,-0.14,-0.98,0.054734,-0.693661,-0.718196,0.005759
77219.0,0.02,-0.13,-0.99,0.05506,-0.693567,-0.718263,0.005618
77229.0,0.0,-0.13,-1.01,0.055123,-0.693593,-0.718235,0.005374
77239.0,-0.01,-0.14,-1.01,0.05509,-0.693686,-0.718149,0.005126
77249.0,-0.02,-0.16,-1.03,0.055022,-0.693791,-0.718055,0.004901
77259.0,-0.05,-0.13,-1.01,0.054926,-0.693813,-0.718042,0.004721
77269.0,-0.07,-0.15,-1.0,0.054911,-0.693742,-0.718113,0.004568
77279.0,-0.05,-0.15,-0.98,0.055078,-0.693605,-0.718233,0.00437
77289.0,-0.03,-0.14,-0.98,0.055298,-0.693374,-0.718441,0.004154
77299.0,-0.02,-0.14,-0.98,0.055489,-0.693065,-0.718725,0.003937
77309.0,-0.01,-0.15,-0.97,0.055614,-0.692744,-0.719026,0.003719
77319.0,-0.02,-0.13,-0.96,0.055621,-0.692445,-0.719315,0.003583
77329.0,-0.02,-0.12,-0.98,0.055526,-0.692175,-0.719582,0.00356
77339.0,-0.04,-0.13,-0.95,0.055421,-0.691905,-0.719849,0.003678
77349.0,-0.05,-0.11,-0.96,0.055325,-0.691609,-0.72014,0.0039
77359.0,-0.04,-0.1,-0.98,0.055189,-0.691307,-0.720439,0.004151
77369.0,-0.03,-0.08,-0.97,0.054982,-0.691043,-0.720706,0.004347
77379.0,-0.02,-0.09,-0.96,0.054719,-0.690851,-0.72091,0.004514
77389.0,-0.01,-0.09,-0.97,0.054411,-0.690739,-0.721039,0.004675
77399.0,-0.01,-0.1,-0.96,0.054085,-0.690709,-0.721091,0.004836
77409.0,-0.01,-0.12,-0.99,0.053764,-0.69076,-0.721065,0.004977
77419.0,-0.02,-0.13,-0.99,0.053427,-0.690851,-0.721002,0.005127
77429.0,-0.02,-0.11,-0.99,0.053106,-0.690948,-0.720933,0.005224
77439.0,-0.04,-0.11,-1.0,0.052857,-0.691035,-0.720866,0.005344
77449.0,-0.03,-0.1,-1.01,0.052708,-0.691105,-0.720809,0.005537
77459.0,-0.04,-0.1,-1.0,0.052663,-0.691176,-0.720742,0.005785
77469.0,-0.02,-0.11,-1.0,0.052734,-0.691261,-0.720653,0.006071
77479.0,-0.01,-0.13,-1.0,0.052943,-0.691364,-0.720536,0.006363
77489.0,0.01,-0.15,-0.99,0.053211,-0.691487,-0.720396,0.006575
77499.0,0.01,-0.14,-0.97,0.05352,-0.691655,-0.720211,0.006699
77509.0,0.0,-0.17,-0.99,0.053822,-0.691848,-0.720002,0.006783
77519.0,0.0,-0.16,-0.98,0.054025,-0.692031,-0.719811,0.006857
77529.0,-0.02,-0.17,-0.99,0.054103,-0.692174,-0.719667,0.006924
77539.0,-0.02,-0.17,-1.0,0.054128,-0.692264,-0.719577,0.007078
77549.0,-0.02,-0.16,-1.01,0.054187,-0.692297,-0.719538,0.007324
77559.0,-0.03,-0.15,-1.01,0.054365,-0.692258,-0.719559,0.007641
77569.0,-0.02,-0.14,-1.02,0.054753,-0.692124,-0.719655,0.007981
77579.0,-0.02,-0.14,-1.02,0.055309,-0.691916,-0.719808,0.008297
77589.0,-0.01,-0.15,-1.0,0.055936,-0.691684,-0.719981,0.008527
77599.0,-0.01,-0.14,-1.0,0.056486,-0.691477,-0.720136,0.008566
77609.0,-0.0,-0.13,-1.0,0.056901,-0.691316,-0.720258,0.008516
77619.0,-0.0,-0.12,-0.99,0.057223,-0.691171,-0.720373,0.008455
77629.0,0.0,-0.12,-0.98,0.057502,-0.691023,-0.720492,0.008474
77639.0,0.0,-0.12,-0.99,0.05774,-0.690879,-0.720609,0.008651
77649.0,-0.01,-0.11,-1.0,0.057965,-0.690747,-0.720714,0.00892
77659.0,-0.01,-0.13,-1.02,0.058153,-0.690635,-0.720803,0.009168
77669.0,-0.01,-0.12,-1.02,0.058296,-0.690539,-0.720883,0.009208
77679.0,-0.01,-0.12,-1.04,0.058367,-0.690453,-0.720962,0.009014
77689.0,-0.0,-0.1,-1.03,0.058415,-0.690368,-0.721044,0.008699
77699.0,-0.01,-0.11,-1.04,0.05851,-0.690278,-0.721126,0.008372
77709.0,-0.0,-0.12,-1.04,0.058706,-0.690181,-0.721206,0.00809
77719.0,0.01,-0.12,-1.04,0.05898,-0.690086,-0.721278,0.007805
77729.0,0.01,-0.15,-1.04,0.059317,-0.689965,-0.72137,0.007472
77739.0,0.02,-0.15,-1.02,0.059631,-0.689824,-0.721483,0.00705
77749.0,0.03,-0.15,-1.03,0.05989,-0.689671,-0.721612,0.006523
77759.0,0.03,-0.16,-1.02,0.060096,-0.689484,-0.721779,0.005932
77769.0,0.02,-0.16,-1.01,0.060236,-0.68926,-0.721986,0.005281
77779.0,0.02,-0.15,-1.01,0.060319,-0.688996,-0.722236,0.004575
77789.0,0.02,-0.13,-1.03,0.06043,-0.688689,-0.722524,0.003884
77799.0,0.01,-0.13,-1.03,0.060679,-0.688326,-0.722852,0.003315
77809.0,0.02,-0.13,-1.05,0.061052,-0.687909,-0.723219,0.002921
77819.0,0.02,-0.1,-1.04,0.061512,-0.687444,-0.723623,0.002549
77829.0,0.04,-0.1,-1.07,0.062075,-0.686971,-0.724026,0.002214
77839.0,0.07,-0.09,-1.07,0.062789,-0.686493,-0.724418,0.001924
77849.0,0.09,-0.08,-1.11,0.063602,-0.686023,-0.724792,0.001629
77859.0,0.12,-0.07,-1.12,0.064493,-0.685547,-0.725165,0.00124
77869.0,0.16,-0.09,-1.16,0.06545,-0.684997,-0.7256,0.000827
77879.0,0.21,-0.08,-1.21,0.066544,-0.684336,-0.726124,0.000483
77889.0,0.22,-0.06,-1.31,0.067875,-0.683627,-0.726668,0.000435
77899.0,0.21,-0.17,-1.28,0.069566,-0.682958,-0.727138,0.000645
77909.0,0.22,-0.22,-1.29,0.07156,-0.682203,-0.727652,0.000857
77919.0,0.22,-0.29,-1.29,0.073658,-0.681322,-0.728268,0.000595
77930.0,0.27,-0.34,-1.28,0.075687,-0.680315,-0.729001,-0.000608
77939.0,0.3,-0.34,-1.23,0.077474,-0.679141,-0.729901,-0.003073
77949.0,0.32,-0.33,-1.18,0.078911,-0.677835,-0.730937,-0.006629
77959.0,0.33,-0.32,-1.15,0.079993,-0.676379,-0.732116,-0.010921
77969.0,0.33,-0.27,-1.16,0.08096,-0.674584,-0.733582,-0.015485
77980.0,0.32,-0.23,-1.11,0.082104,-0.672399,-0.735356,-0.01974
77989.0,0.35,-0.18,-1.04,0.083901,-0.669727,-0.737488,-0.023197
77999.0,0.36,-0.11,-0.98,0.086695,-0.666518,-0.739991,-0.025509
78009.0,0.4,-0.1,-0.96,0.090512,-0.662692,-0.742944,-0.026095
78019.0,0.43,-0.14,-0.96,0.095219,-0.658238,-0.746343,-0.025048
78029.0,0.41,-0.27,-1.02,0.100151,-0.653366,-0.750025,-0.023364
78039.0,0.36,-0.42,-1.11,0.104117,-0.648594,-0.75363,-0.022963
78049.0,0.31,-0.49,-1.13,0.105845,-0.644694,-0.75664,-0.025751
78059.0,0.32,-0.39,-1.14,0.104637,-0.642191,-0.758678,-0.032407
78069.0,0.3,-0.31,-1.14,0.101245,-0.640677,-0.759969,-0.041586
78079.0,0.32,-0.2,-1.11,0.097398,-0.639664,-0.760724,-0.051406
78089.0,0.3,-0.12,-1.08,0.094595,-0.63853,-0.761411,-0.05987
78099.0,0.29,-0.1,-1.11,0.0938,-0.636819,-0.762475,-0.065526
78109.0,0.3,-0.11,-1.12,0.095392,-0.634123,-0.764307,-0.06799
78119.0,0.33,-0.09,-1.05,0.099119,-0.630193,-0.767111,-0.067624
78129.0,0.37,-0.08,-1.01,0.1044,-0.62521,-0.7707,-0.065065
78139.0,0.35,-0.09,-0.97,0.110639,-0.619826,-0.77449,-0.061157
78150.0,0.31,-0.16,-0.96,0.117425,-0.614453,-0.778087,-0.056919
78159.0,0.33,-0.19,-0.96,0.124059,-0.60948,-0.781157,-0.054195
78169.0,0.29,-0.2,-0.94,0.129769,-0.605397,-0.783383,-0.054457
78180.0,0.33,-0.17,-0.89,0.133832,-0.602681,-0.784547,-0.057885
78189.0,0.34,-0.1,-0.86,0.136021,-0.601388,-0.784737,-0.063388
78199.0,0.34,-0.02,-0.8,0.136834,-0.601156,-0.784292,-0.069099
78209.0,0.35,0.01,-0.72,0.137421,-0.601358,-0.783643,-0.073398
78219.0,0.34,0.0,-0.69,0.138367,-0.601499,-0.783221,-0.074952
78229.0,0.28,-0.07,-0.69,0.139822,-0.601219,-0.783354,-0.073093
78239.0,0.21,-0.21,-0.78,0.141488,-0.60035,-0.784174,-0.068054
78249.0,0.17,-0.32,-0.83,0.143102,-0.598969,-0.785477,-0.06151
78259.0,0.13,-0.37,-0.93,0.144244,-0.597506,-0.786796,-0.055963
78269.0,0.13,-0.35,-0.98,0.144612,-0.596427,-0.787716,-0.053535
78280.0,0.18,-0.17,-0.93,0.144015,-0.596209,-0.787885,-0.055061
78289.0,0.2,-0.03,-0.88,0.142451,-0.597188,-0.787117,-0.059336
78299.0,0.2,0.12,-0.82,0.140018,-0.59938,-0.785529,-0.063904
78309.0,0.17,0.14,-0.81,0.137241,-0.602438,-0.783457,-0.066546
78319.0,0.12,0.06,-0.76,0.134534,-0.605815,-0.781362,-0.066039
78329.0,0.08,0.0,-0.76,0.131909,-0.609118,-0.779526,-0.062561
78339.0,0.02,-0.12,-0.83,0.12938,-0.612009,-0.778103,-0.057119
78349.0,-0.08,-0.24,-0.95,0.127014,-0.614349,-0.777081,-0.050864
78359.0,-0.07,-0.25,-1.01,0.12484,-0.616186,-0.776321,-0.04534
78369.0,-0.08,-0.2,-1.03,0.122974,-0.617798,-0.775535,-0.041818
78379.0,-0.1,-0.13,-1.0,0.12131,-0.619432,-0.774593,-0.039907
78390.0,-0.1,-0.1,-1.01,0.1198,-0.621264,-0.773427,-0.038596
78399.0,-0.11,-0.12,-1.04,0.118207,-0.623494,-0.771939,-0.037308
78409.0,-0.12,-0.12,-1.02,0.116785,-0.625991,-0.770177,-0.036378
78420.0,-0.14,-0.12,-0.97,0.115537,-0.628528,-0.768323,-0.035836
78429.0,-0.11,-0.07,-0.89,0.114518,-0.630938,-0.766516,-0.035446
78439.0,-0.08,-0.06,-0.82,0.113994,-0.633339,-0.764643,-0.034756
78449.0,-0.08,-0.07,-0.8,0.114044,-0.635894,-0.762583,-0.033161
78460.0,-0.1,-0.1,-0.76,0.11418,-0.638681,-0.760349,-0.030311
78469.0,-0.16,-0.14,-0.8,0.113859,-0.641625,-0.758065,-0.026304
78479.0,-0.22,-0.19,-0.89,0.112762,-0.644586,-0.755856,-0.021803
78490.0,-0.23,-0.21,-0.9,0.111177,-0.647436,-0.753751,-0.018067
78499.0,-0.21,-0.19,-0.86,0.109469,-0.650229,-0.75164,-0.016012
78509.0,-0.2,-0.17,-0.79,0.107635,-0.652895,-0.749607,-0.015212
78519.0,-0.15,-0.11,-0.72,0.105901,-0.655286,-0.747772,-0.014918
78529.0,-0.16,-0.09,-0.75,0.104245,-0.657556,-0.746024,-0.014172
78539.0,-0.18,-0.11,-0.77,0.102735,-0.659874,-0.744208,-0.01294
78549.0,-0.2,-0.11,-0.84,0.101359,-0.662447,-0.742127,-0.011734
78559.0,-0.24,-0.16,-0.9,0.099771,-0.665241,-0.739853,-0.010815
78569.0,-0.23,-0.21,-0.94,0.097736,-0.668217,-0.737445,-0.010416
78579.0,-0.24,-0.15,-1.02,0.095229,-0.67127,-0.734999,-0.01018
78589.0,-0.22,-0.15,-1.02,0.092725,-0.673808,-0.733005,-0.009444
78599.0,-0.2,-0.19,-1.05,0.090971,-0.675894,-0.731315,-0.008357
78609.0,-0.14,-0.22,-1.02,0.090384,-0.676808,-0.730556,-0.007059
78620.0,-0.14,-0.19,-0.98,0.090769,-0.676863,-0.730466,-0.006104
78629.0,-0.1,-0.17,-0.93,0.091565,-0.676386,-0.73081,-0.005817
78639.0,-0.09,-0.14,-0.89,0.092498,-0.675689,-0.731335,-0.0062
78649.0,-0.06,-0.1,-0.9,0.093199,-0.675061,-0.731817,-0.007017
78659.0,-0.04,-0.07,-0.93,0.093334,-0.674767,-0.732064,-0.007766
78669.0,-0.05,-0.06,-0.99,0.0929,-0.67475,-0.732131,-0.008168
78679.0,-0.02,-0.0,-0.99,0.09219,-0.674791,-0.73218,-0.008409
78689.0,0.0,-0.04,-0.96,0.091783,-0.674732,-0.732286,-0.008325
78699.0,0.02,-0.05,-0.99,0.0919,-0.674325,-0.732658,-0.007304
78709.0,0.0,-0.09,-0.98,0.092522,-0.673635,-0.733228,-0.005661
78719.0,-0.0,-0.13,-1.01,0.093359,-0.672915,-0.733793,-0.004278
78729.0,0.0,-0.17,-1.04,0.093771,-0.67235,-0.734259,-0.003939
78739.0,0.01,-0.16,-1.03,0.093173,-0.672024,-0.734628,-0.004987
78749.0,0.04,-0.13,-0.99,0.091653,-0.671935,-0.734882,-0.007176
78760.0,0.03,-0.08,-0.97,0.089678,-0.67193,-0.735102,-0.009598
78769.0,0.04,-0.04,-0.99,0.087897,-0.671826,-0.735383,-0.01161
78779.0,0.06,-0.04,-0.97,0.086664,-0.671573,-0.735741,-0.012812
78789.0,0.07,-0.09,-0.96,0.085951,-0.671294,-0.736072,-0.013234
78799.0,0.05,-0.05,-1.01,0.085525,-0.671057,-0.736341,-0.013067
78810.0,0.07,-0.07,-1.03,0.085252,-0.670882,-0.736537,-0.012753
78819.0,0.05,-0.11,-1.05,0.084876,-0.670943,-0.736526,-0.012652
78829.0,0.03,-0.12,-1.09,0.084151,-0.671224,-0.73635,-0.012878
78839.0,0.03,-0.1,-1.08,0.083247,-0.671624,-0.736079,-0.013361
78849.0,0.04,-0.11,-1.03,0.082562,-0.672021,-0.735786,-0.013779
78859.0,0.03,-0.15,-1.01,0.082304,-0.672283,-0.735577,-0.013717
78869.0,0.04,-0.16,-0.99,0.082491,-0.672295,-0.735554,-0.013209
78879.0,0.03,-0.17,-0.98,0.082942,-0.672083,-0.735708,-0.012605
78889.0,0.04,-0.16,-0.98,0.083342,-0.671807,-0.735923,-0.012107
78900.0,0.06,-0.14,-0.99,0.083429,-0.671582,-0.736124,-0.011801
78909.0,0.03,-0.13,-1.02,0.083022,-0.671493,-0.736251,-0.011756
78919.0,0.03,-0.13,-1.04,0.082209,-0.671553,-0.736283,-0.012035
78929.0,0.03,-0.13,-1.03,0.081401,-0.671697,-0.736233,-0.012544
78940.0,0.04,-0.13,-0.99,0.080997,-0.67179,-0.736185,-0.013023
78949.0,0.04,-0.17,-0.96,0.081202,-0.671678,-0.736262,-0.01313
78959.0,0.03,-0.17,-0.95,0.081845,-0.671317,-0.736524,-0.012946
78970.0,0.05,-0.17,-0.91,0.082514,-0.670822,-0.736902,-0.012876
78979.0,0.07,-0.13,-0.92,0.082794,-0.670347,-0.737298,-0.013084
78989.0,0.08,-0.1,-0.93,0.082528,-0.669975,-0.737658,-0.013532
79000.0,0.06,-0.07,-0.98,0.081742,-0.669763,-0.737928,-0.014087
79009.0,0.04,-0.06,-1.03,0.080561,-0.669771,-0.73804,-0.01461
79020.0,0.03,-0.07,-1.05,0.079315,-0.669952,-0.738002,-0.015042
79029.0,0.01,-0.08,-1.06,0.078384,-0.670234,-0.73784,-0.015308
79040.0,0.02,-0.11,-1.04,0.077955,-0.670502,-0.737642,-0.01533
79049.0,0.03,-0.14,-1.01,0.078156,-0.670632,-0.737507,-0.015106
79059.0,0.04,-0.17,-0.98,0.078829,-0.670566,-0.737506,-0.014593
79069.0,0.05,-0.19,-0.99,0.079574,-0.670317,-0.737663,-0.014004
79079.0,0.06,-0.19,-0.98,0.080032,-0.669964,-0.737942,-0.013596
79090.0,0.05,-0.17,-1.01,0.080059,-0.669584,-0.738286,-0.013488
79099.0,0.04,-0.15,-1.03,0.079692,-0.669256,-0.738618,-0.013717
79109.0,0.04,-0.13,-1.03,0.079068,-0.669034,-0.738876,-0.014268
79119.0,0.03,-0.1,-1.01,0.078484,-0.668881,-0.739063,-0.014955
79129.0,0.04,-0.09,-0.99,0.078133,-0.668752,-0.739206,-0.01549
79139.0,0.03,-0.08,-0.98,0.078088,-0.668595,-0.739347,-0.015778
79149.0,0.05,-0.1,-0.94,0.078272,-0.66838,-0.73952,-0.01587
79160.0,0.06,-0.12,-0.93,0.078565,-0.668164,-0.739687,-0.015751
79169.0,0.05,-0.13,-0.94,0.078762,-0.667997,-0.739822,-0.015475
79179.0,0.04,-0.14,-0.96,0.078674,-0.667912,-0.739914,-0.015232
79190.0,0.04,-0.13,-0.99,0.078313,-0.667895,-0.739968,-0.015214
79199.0,0.05,-0.12,-0.98,0.077844,-0.667892,-0.740016,-0.015405
79209.0,0.04,-0.1,-0.97,0.077504,-0.66784,-0.740095,-0.015565
79220.0,0.03,-0.1,-0.96,0.077482,-0.667668,-0.740254,-0.015511
79229.0,0.05,-0.09,-0.96,0.077751,-0.667404,-0.740469,-0.015246
79239.0,0.06,-0.1,-0.95,0.078144,-0.667132,-0.740679,-0.014921
79250.0,0.06,-0.07,-0.96,0.078418,-0.666955,-0.740817,-0.014585
79259.0,0.07,-0.09,-0.97,0.078455,-0.666933,-0.740838,-0.014287
79269.0,0.07,-0.07,-0.97,0.078337,-0.667079,-0.740724,-0.014001
79280.0,0.07,-0.07,-0.98,0.078215,-0.667331,-0.740518,-0.013551
79289.0,0.06,-0.09,-0.97,0.078343,-0.667595,-0.740281,-0.012798
79299.0,0.05,-0.11,-0.98,0.078733,-0.667803,-0.740067,-0.011833
79309.0,0.04,-0.12,-0.96,0.079181,-0.66796,-0.739891,-0.010994
79319.0,0.05,-0.11,-0.98,0.079492,-0.668089,-0.739749,-0.010475
79330.0,0.05,-0.09,-1.0,0.079457,-0.668262,-0.7396,-0.010216
79339.0,0.05,-0.06,-1.02,0.079065,-0.668539,-0.739392,-0.010131
79350.0,0.04,-0.04,-1.07,0.078496,-0.66892,-0.73911,-0.010103
79359.0,0.03,-0.01,-1.09,0.077928,-0.669332,-0.738797,-0.010047
79370.0,0.03,-0.0,-1.08,0.077583,-0.669729,-0.738474,-0.009954
79379.0,0.04,-0.0,-1.09,0.077642,-0.670099,-0.738136,-0.009741
79389.0,0.03,0.0,-1.09,0.078015,-0.670394,-0.737832,-0.009493
79400.0,0.03,0.04,-1.1,0.078619,-0.670628,-0.737556,-0.009421
79409.0,0.04,0.07,-1.08,0.079263,-0.670845,-0.737287,-0.009625
79419.0,0.03,0.13,-1.11,0.07988,-0.671174,-0.736916,-0.009964
79430.0,0.04,0.16,-1.14,0.080409,-0.671664,-0.736407,-0.010368
79439.0,0.03,0.17,-1.17,0.080909,-0.672466,-0.735615,-0.01069
79449.0,0.01,0.19,-1.19,0.081546,-0.673519,-0.734578,-0.01082
79459.0,0.0,0.16,-1.17,0.082619,-0.674781,-0.7333,-0.010783
79469.0,0.01,0.15,-1.13,0.084271,-0.676255,-0.731756,-0.010543
79479.0,0.02,0.07,-1.1,0.086363,-0.677917,-0.729979,-0.009998
79490.0,0.02,0.05,-1.06,0.088587,-0.679642,-0.728115,-0.009295
79499.0,0.04,0.06,-1.07,0.090631,-0.681453,-0.726176,-0.008738
79510.0,0.03,0.07,-1.08,0.092002,-0.683444,-0.724132,-0.008585
79519.0,0.02,0.11,-1.08,0.092612,-0.685714,-0.721898,-0.009035
79529.0,0.01,0.16,-1.1,0.092654,-0.688226,-0.719485,-0.010047
79540.0,0.02,0.19,-1.1,0.092456,-0.691046,-0.716781,-0.011482
79549.0,0.01,0.2,-1.06,0.092257,-0.694133,-0.713795,-0.012804
79560.0,0.0,0.17,-1.07,0.092289,-0.697444,-0.710539,-0.013772
79569.0,-0.01,0.14,-1.04,0.092676,-0.700926,-0.707036,-0.014643
79579.0,-0.02,0.11,-1.05,0.093094,-0.704575,-0.703325,-0.015532
79589.0,-0.02,0.09,-1.05,0.093271,-0.708405,-0.699421,-0.016543
79599.0,-0.03,0.09,-1.06,0.093122,-0.71241,-0.695327,-0.017902
79610.0,-0.04,0.14,-1.09,0.092632,-0.716558,-0.69107,-0.019648
79619.0,-0.03,0.17,-1.07,0.09196,-0.720866,-0.686603,-0.02172
79630.0,-0.05,0.2,-1.02,0.091426,-0.725277,-0.681951,-0.023595
79640.0,-0.05,0.16,-1.0,0.091436,-0.729749,-0.677115,-0.024919
79649.0,-0.06,0.12,-0.99,0.092051,-0.734285,-0.67208,-0.02571
79660.0,-0.05,0.1,-1.0,0.092903,-0.73892,-0.666838,-0.026323
79669.0,-0.06,0.06,-1.0,0.093698,-0.743764,-0.661283,-0.027211
79679.0,-0.07,0.06,-0.99,0.094086,-0.748806,-0.655469,-0.028262
79690.0,-0.07,0.07,-1.01,0.093963,-0.75405,-0.649389,-0.029545
79699.0,-0.07,0.07,-1.01,0.09348,-0.759445,-0.643078,-0.03091
79710.0,-0.1,0.08,-1.01,0.092929,-0.764964,-0.636522,-0.032144
79719.0,-0.11,0.06,-1.01,0.092464,-0.770535,-0.629786,-0.033099
79729.0,-0.13,0.03,-1.04,0.092165,-0.776095,-0.622925,-0.033864
79740.0,-0.11,0.02,-1.06,0.092154,-0.781572,-0.615997,-0.034651
79750.0,-0.12,0.02,-1.05,0.092355,-0.786994,-0.608967,-0.035638
79759.0,-0.11,0.02,-1.04,0.092616,-0.79234,-0.601886,-0.036771
79770.0,-0.1,0.04,-1.03,0.093001,-0.797624,-0.594727,-0.03802
79779.0,-0.1,0.03,-1.0,0.093499,-0.802864,-0.587485,-0.039096
79789.0,-0.11,0.0,-0.99,0.094211,-0.808119,-0.580061,-0.039967
79800.0,-0.12,-0.03,-0.99,0.094774,-0.81345,-0.572415,-0.040729
79809.0,-0.14,-0.04,-1.03,0.09482,-0.818867,-0.564568,-0.04159
79819.0,-0.13,-0.04,-1.0,0.094326,-0.82435,-0.556532,-0.042672
79830.0,-0.15,-0.0,-0.99,0.093577,-0.829831,-0.54837,-0.043752
79839.0,-0.14,-0.01,-0.99,0.093156,-0.8352,-0.540162,-0.044593
79850.0,-0.13,-0.01,-1.03,0.093423,-0.840386,-0.531967,-0.045105
79859.0,-0.13,-0.05,-1.0,0.094136,-0.845408,-0.523792,-0.045457
79869.0,-0.15,-0.11,-1.0,0.094793,-0.850393,-0.515488,-0.046031
79880.0,-0.16,-0.17,-0.98,0.094834,-0.855473,-0.506906,-0.047117
79889.0,-0.16,-0.18,-1.0,0.093658,-0.860595,-0.498236,-0.048635
79899.0,-0.17,-0.13,-1.0,0.091267,-0.865692,-0.489566,-0.050714
79910.0,-0.15,-0.07,-1.01,0.088252,-0.870685,-0.480937,-0.053092
79920.0,-0.12,0.01,-1.01,0.085494,-0.87549,-0.472402,-0.055169
79929.0,-0.14,0.01,-1.02,0.083763,-0.880047,-0.464012,-0.056514
79939.0,-0.16,-0.01,-1.04,0.083472,-0.884329,-0.455787,-0.057033
79950.0,-0.16,-0.06,-1.04,0.08435,-0.888397,-0.447623,-0.057183
79959.0,-0.16,-0.11,-0.99,0.085685,-0.89235,-0.439401,-0.057409
79969.0,-0.18,-0.15,-1.0,0.08675,-0.896271,-0.431074,-0.057858
79980.0,-0.19,-0.16,-1.0,0.087158,-0.900172,-0.422695,-0.058497
79989.0,-0.12,-0.08,-0.92,0.087104,-0.903947,-0.414455,-0.059335
80000.0,-0.13,-0.07,-0.9,0.087215,-0.907511,-0.406453,-0.060103
80010.0,-0.14,-0.04,-0.94,0.087758,-0.910888,-0.398663,-0.060403
80019.0,-0.11,-0.03,-0.92,0.088782,-0.914077,-0.39108,-0.060306
80030.0,-0.13,-0.06,-0.91,0.090291,-0.917123,-0.383558,-0.060129
80039.0,-0.14,-0.07,-0.88,0.091799,-0.920112,-0.375985,-0.060016
80050.0,-0.17,-0.09,-0.9,0.092748,-0.92313,-0.368286,-0.059944
80059.0,-0.17,-0.06,-0.94,0.092816,-0.926206,-0.360434,-0.060114
80069.0,-0.17,0.02,-0.92,0.092347,-0.929278,-0.352509,-0.060426
80080.0,-0.16,0.04,-0.95,0.09214,-0.932244,-0.344625,-0.06054
80089.0,-0.14,0.05,-0.94,0.092902,-0.935046,-0.336805,-0.060179
80100.0,-0.13,0.02,-0.94,0.094923,-0.937656,-0.329031,-0.059417
80109.0,-0.1,-0.01,-0.88,0.098115,-0.940082,-0.321269,-0.058354
80120.0,-0.12,-0.08,-0.85,0.102219,-0.942317,-0.313586,-0.057034
80129.0,-0.14,-0.13,-0.89,0.106532,-0.944439,-0.305956,-0.055464
80140.0,-0.14,-0.19,-0.91,0.110004,-0.946571,-0.298308,-0.053992
80149.0,-0.12,-0.2,-0.98,0.111535,-0.948925,-0.290345,-0.052927
80160.0,-0.09,-0.33,-0.8,0.110454,-0.951661,-0.28173,-0.05262
80170.0,-0.22,-0.11,-1.11,0.106908,-0.954797,-0.272429,-0.052111
80179.0,-0.11,-0.01,-1.07,0.102294,-0.958097,-0.262399,-0.052278
80190.0,-0.13,-0.05,-0.98,0.098196,-0.961276,-0.252109,-0.052416
80199.0,-0.16,-0.14,-0.96,0.09547,-0.964279,-0.241535,-0.052081
80210.0,-0.15,-0.19,-0.99,0.093856,-0.967083,-0.230875,-0.051363
80220.0,-0.2,-0.22,-1.04,0.092769,-0.969695,-0.220364,-0.050261
80230.0,-0.2,-0.2,-1.05,0.091859,-0.972144,-0.209994,-0.048984
80240.0,-0.22,-0.2,-1.04,0.091379,-0.974404,-0.199793,-0.047646
80249.0,-0.15,-0.19,-1.06,0.09177,-0.97643,-0.189791,-0.046286
80260.0,-0.13,-0.34,-0.97,0.093298,-0.978194,-0.179976,-0.045166
80269.0,-0.16,-0.46,-1.0,0.095224,-0.97979,-0.170283,-0.044139
80280.0,-0.19,-0.52,-1.0,0.09608,-0.981388,-0.160578,-0.043144
80289.0,-0.15,-0.48,-0.99,0.094692,-0.983074,-0.150958,-0.042556
80300.0,-0.12,-0.42,-0.99,0.091428,-0.984774,-0.141667,-0.042324
80309.0,-0.11,-0.27,-0.99,0.087573,-0.986359,-0.132855,-0.042138
80320.0,-0.09,-0.19,-0.94,0.084895,-0.987691,-0.124593,-0.041671
80329.0,-0.09,-0.18,-0.92,0.084781,-0.988691,-0.116864,-0.040566
80340.0,-0.08,-0.3,-0.88,0.087551,-0.98932,-0.109789,-0.039072
80349.0,-0.12,-0.38,-0.86,0.092222,-0.989668,-0.10314,-0.037596
80360.0,-0.14,-0.44,-0.87,0.097445,-0.989879,-0.096574,-0.036296
80369.0,-0.12,-0.5,-0.84,0.101916,-0.990049,-0.090266,-0.035614
80380.0,-0.08,-0.42,-0.82,0.104615,-0.990302,-0.084302,-0.035354
80389.0,-0.06,-0.3,-0.75,0.10556,-0.990695,-0.078465,-0.034991
80400.0,0.03,-0.23,-0.69,0.106064,-0.991098,-0.072794,-0.03429
80409.0,-0.01,-0.24,-0.73,0.107369,-0.991403,-0.067178,-0.032842
80420.0,-0.04,-0.29,-0.81,0.109467,-0.991606,-0.061585,-0.030701
80430.0,-0.08,-0.38,-0.82,0.111448,-0.991784,-0.055823,-0.028751
80439.0,-0.11,-0.38,-0.83,0.112521,-0.992025,-0.049762,-0.027379
80450.0,-0.08,-0.34,-0.86,0.112635,-0.992342,-0.04341,-0.026202
80459.0,-0.06,-0.33,-0.88,0.112509,-0.992654,-0.037051,-0.024643
80470.0,-0.06,-0.31,-0.92,0.112918,-0.992869,-0.030772,-0.022653
80479.0,-0.05,-0.36,-0.94,0.114304,-0.992933,-0.024839,-0.020055
80490.0,-0.06,-0.43,-0.96,0.116416,-0.992864,-0.019153,-0.017358
80500.0,-0.11,-0.5,-0.96,0.1186,-0.992737,-0.013549,-0.014969
80509.0,-0.13,-0.51,-0.97,0.120235,-0.992629,-0.007998,-0.012941
80520.0,-0.11,-0.51,-0.99,0.121159,-0.992567,-0.002687,-0.011175
80529.0,-0.09,-0.45,-0.99,0.121581,-0.992535,0.002237,-0.009379
80540.0,-0.09,-0.43,-0.97,0.12232,-0.992441,0.00672,-0.007371
80549.0,-0.08,-0.46,-1.0,0.124198,-0.992187,0.010684,-0.005099
80560.0,-0.08,-0.52,-1.02,0.127037,-0.991793,0.014185,-0.002818
80570.0,-0.09,-0.58,-1.02,0.129948,-0.991369,0.01735,-0.000951
80580.0,-0.09,-0.61,-1.01,0.131918,-0.991054,0.02023,0.00033
80590.0,-0.08,-0.56,-1.01,0.13245,-0.990927,0.022797,0.001346
80600.0,-0.06,-0.5,-1.02,0.131886,-0.990947,0.02499,0.002427
80610.0,-0.08,-0.44,-1.02,0.131163,-0.99099,0.026865,0.00371
80620.0,-0.09,-0.4,-1.06,0.131326,-0.990921,0.028327,0.005212
80630.0,-0.07,-0.4,-1.04,0.132785,-0.99069,0.02925,0.006723
80639.0,-0.07,-0.41,-1.03,0.135347,-0.990321,0.029712,0.007925
80650.0,-0.1,-0.47,-1.05,0.138576,-0.989864,0.029887,0.008551
80660.0,-0.07,-0.52,-1.06,0.141601,-0.989438,0.029802,0.008617
80670.0,-0.09,-0.51,-1.06,0.143218,-0.989213,0.029475,0.008754
80680.0,-0.08,-0.44,-1.1,0.142722,-0.98929,0.029144,0.009335
80690.0,-0.05,-0.32,-1.1,0.140608,-0.989597,0.028768,0.009975
80700.0,-0.04,-0.23,-1.06,0.138318,-0.989927,0.028315,0.010496
80710.0,-0.05,-0.18,-1.05,0.13719,-0.990093,0.027718,0.011228
80720.0,-0.05,-0.18,-1.07,0.137825,-0.990018,0.02694,0.011989
80729.0,-0.04,-0.2,-1.06,0.139843,-0.989756,0.026059,0.012146
80740.0,-0.09,-0.29,-1.02,0.142293,-0.989434,0.025261,0.011632
80749.0,-0.08,-0.3,-0.99,0.144363,-0.989155,0.024716,0.01096
80760.0,-0.08,-0.32,-0.97,0.145454,-0.98901,0.024282,0.010626
80770.0,-0.06,-0.32,-0.97,0.145536,-0.989004,0.023931,0.010817
80780.0,-0.06,-0.31,-0.98,0.14504,-0.989082,0.02356,0.011226
80790.0,-0.06,-0.31,-0.99,0.144557,-0.989158,0.023049,0.011738
80800.0,-0.07,-0.27,-0.98,0.144465,-0.989183,0.022301,0.012248
80810.0,-0.08,-0.27,-0.95,0.14499,-0.989123,0.021289,0.012668
80820.0,-0.1,-0.26,-0.94,0.146157,-0.988973,0.020058,0.012952
80830.0,-0.12,-0.26,-0.98,0.147769,-0.988757,0.018718,0.01315
80840.0,-0.07,-0.24,-1.0,0.1494,-0.988539,0.017231,0.013178
80850.0,-0.07,-0.24,-1.01,0.150693,-0.98837,0.015647,0.013114
80859.0,-0.08,-0.22,-1.04,0.151581,-0.988256,0.0141,0.013178
80870.0,-0.09,-0.19,-1.06,0.152262,-0.98817,0.012583,0.013347
80880.0,-0.08,-0.16,-1.06,0.152947,-0.988081,0.011086,0.013401
80890.0,-0.07,-0.18,-1.05,0.153737,-0.987977,0.00962,0.013166
80900.0,-0.07,-0.18,-1.0,0.154486,-0.98788,0.008232,0.012605
80910.0,-0.07,-0.19,-0.96,0.155076,-0.987807,0.00693,0.011847
80920.0,-0.08,-0.2,-0.97,0.155379,-0.987776,0.005723,0.01113
80929.0,-0.06,-0.19,-0.99,0.155145,-0.987824,0.00466,0.010582
80940.0,-0.06,-0.15,-0.97,0.154314,-0.987961,0.003828,0.010301
80949.0,-0.06,-0.13,-1.01,0.153404,-0.988103,0.003209,0.010458
80960.0,-0.06,-0.15,-1.03,0.152993,-0.988163,0.002726,0.010935
80970.0,-0.08,-0.15,-1.04,0.15322,-0.988122,0.002235,0.011523
80979.0,-0.09,-0.15,-1.06,0.153916,-0.988011,0.001698,0.011914
80990.0,-0.1,-0.17,-1.04,0.154809,-0.987874,0.001145,0.01173
81000.0,-0.09,-0.17,-1.0,0.155595,-0.987759,0.000582,0.011047
81010.0,-0.08,-0.2,-0.99,0.156066,-0.987693,3.8e-05,0.010307
81020.0,-0.07,-0.23,-0.99,0.155982,-0.987713,-0.000454,0.00965
81030.0,-0.06,-0.21,-0.98,0.155228,-0.987836,-0.000893,0.009147
81039.0,-0.05,-0.17,-1.02,0.154127,-0.98801,-0.001293,0.008921
81050.0,-0.06,-0.14,-1.05,0.153127,-0.988164,-0.001612,0.00897
81060.0,-0.07,-0.14,-1.07,0.152534,-0.988255,-0.001864,0.009046
81070.0,-0.07,-0.13,-1.08,0.152343,-0.988285,-0.002091,0.008984
81080.0,-0.08,-0.15,-1.09,0.152434,-0.988275,-0.002296,0.008485
81090.0,-0.08,-0.17,-1.07,0.152545,-0.988265,-0.002428,0.007557
81100.0,-0.08,-0.15,-1.05,0.152466,-0.988284,-0.002415,0.006506
81110.0,-0.08,-0.15,-1.05,0.152182,-0.988335,-0.002239,0.005513
81120.0,-0.07,-0.17,-1.06,0.15185,-0.988391,-0.001972,0.004511
81130.0,-0.06,-0.15,-1.06,0.151668,-0.988424,-0.001716,0.003475
81139.0,-0.07,-0.17,-1.05,0.151776,-0.98841,-0.001518,0.002656
81150.0,-0.06,-0.19,-1.06,0.152181,-0.98835,-0.001298,0.0017
81160.0,-0.07,-0.23,-1.07,0.152729,-0.988267,-0.001136,0.000595
81169.0,-0.06,-0.22,-1.1,0.153191,-0.988196,-0.001051,-0.000513
81180.0,-0.06,-0.18,-1.09,0.153438,-0.988156,-0.001038,-0.001638
81190.0,-0.06,-0.18,-1.14,0.153541,-0.988138,-0.00103,-0.002774
81200.0,-0.05,-0.16,-1.14,0.153588,-0.988126,-0.000925,-0.00402
81210.0,-0.06,-0.18,-1.13,0.15361,-0.988116,-0.000608,-0.005442
81220.0,-0.04,-0.2,-1.14,0.153657,-0.988099,-8.1e-05,-0.007022
81230.0,-0.02,-0.25,-1.13,0.153782,-0.988066,0.000548,-0.008716
81240.0,-0.03,-0.28,-1.18,0.153863,-0.988036,0.001157,-0.010463
81250.0,-0.05,-0.3,-1.21,0.153598,-0.988057,0.001735,-0.012131
81260.0,-0.07,-0.28,-1.26,0.152831,-0.988153,0.002242,-0.013797
81269.0,-0.06,-0.21,-1.28,0.151794,-0.988284,0.002643,-0.015699
81280.0,-0.04,-0.19,-1.27,0.15114,-0.988344,0.002818,-0.018023
81290.0,-0.03,-0.19,-1.27,0.151374,-0.988256,0.002761,-0.020707
81300.0,-0.04,-0.23,-1.28,0.152411,-0.988029,0.002752,-0.023695
81310.0,-0.07,-0.28,-1.27,0.153785,-0.987733,0.002951,-0.026941
81320.0,-0.07,-0.3,-1.25,0.154929,-0.987452,0.003242,-0.030403
81330.0,-0.06,-0.3,-1.21,0.155602,-0.987224,0.003565,-0.034113
81340.0,-0.05,-0.29,-1.2,0.155962,-0.987023,0.00395,-0.038021
81350.0,-0.06,-0.28,-1.18,0.156401,-0.986793,0.004333,-0.041941
81360.0,-0.07,-0.27,-1.15,0.157345,-0.986471,0.004487,-0.04579
81370.0,-0.06,-0.29,-1.19,0.159055,-0.986009,0.004276,-0.049688
81380.0,-0.04,-0.3,-1.2,0.161218,-0.985452,0.003799,-0.05365
81390.0,-0.01,-0.31,-1.21,0.163265,-0.984883,0.003365,-0.057786
81400.0,0.0,-0.31,-1.22,0.16508,-0.984316,0.003129,-0.062128
81410.0,-0.0,-0.33,-1.22,0.166936,-0.983707,0.002959,-0.066669
81420.0,0.01,-0.36,-1.23,0.169052,-0.983006,0.00271,-0.0715
81430.0,0.06,-0.38,-1.22,0.171342,-0.982209,0.002203,-0.076826
81440.0,0.08,-0.37,-1.18,0.173655,-0.981324,0.001449,-0.08274
81450.0,0.11,-0.36,-1.15,0.175853,-0.980382,0.000498,-0.089029
81460.0,0.12,-0.33,-1.14,0.177676,-0.979437,-0.000496,-0.095571
81470.0,0.11,-0.31,-1.13,0.178977,-0.978519,-0.001405,-0.102299
81480.0,0.13,-0.26,-1.16,0.179805,-0.977628,-0.002129,-0.109131
81490.0,0.11,-0.26,-1.19,0.180205,-0.976787,-0.002742,-0.115786
81500.0,0.12,-0.27,-1.16,0.180375,-0.975929,-0.00297,-0.12255
81510.0,0.13,-0.3,-1.13,0.180687,-0.975,-0.002861,-0.129303
81520.0,0.13,-0.35,-1.13,0.181542,-0.973926,-0.002624,-0.136028
81530.0,0.13,-0.4,-1.17,0.182829,-0.972716,-0.00238,-0.142798
81540.0,0.09,-0.43,-1.2,0.184139,-0.971426,-0.002242,-0.14973
81550.0,0.11,-0.37,-1.21,0.185142,-0.970081,-0.002138,-0.157035
81560.0,0.1,-0.31,-1.23,0.186071,-0.968646,-0.002404,-0.16461
81570.0,0.12,-0.31,-1.23,0.18742,-0.967011,-0.003099,-0.172496
81580.0,0.13,-0.31,-1.26,0.189316,-0.96512,-0.003948,-0.180796
81590.0,0.16,-0.3,-1.25,0.191411,-0.963011,-0.004549,-0.189607
81600.0,0.2,-0.34,-1.22,0.193354,-0.960755,-0.004699,-0.198853
81610.0,0.2,-0.32,-1.18,0.194995,-0.958459,-0.004392,-0.20812
81620.0,0.22,-0.31,-1.15,0.196443,-0.95614,-0.003855,-0.217238
81630.0,0.22,-0.33,-1.13,0.198184,-0.953754,-0.003543,-0.225972
81640.0,0.22,-0.32,-1.08,0.20052,-0.951205,-0.003667,-0.234494
81650.0,0.22,-0.32,-1.06,0.203461,-0.948511,-0.004216,-0.242719
81660.0,0.19,-0.36,-1.03,0.206826,-0.94566,-0.004939,-0.25085
81670.0,0.19,-0.39,-1.02,0.21021,-0.942632,-0.005696,-0.259275
81680.0,0.18,-0.38,-0.99,0.213126,-0.939485,-0.006403,-0.268151
81690.0,0.2,-0.38,-0.96,0.21551,-0.936143,-0.006768,-0.277751
81700.0,0.24,-0.41,-0.87,0.217486,-0.93256,-0.006682,-0.288074
81710.0,0.25,-0.4,-0.84,0.219084,-0.928921,-0.00637,-0.298441
81720.0,0.29,-0.36,-0.77,0.220309,-0.925252,-0.00601,-0.308767
81730.0,0.31,-0.4,-0.71,0.221901,-0.921358,-0.00607,-0.319097
81740.0,0.34,-0.41,-0.73,0.224253,-0.917244,-0.006718,-0.329134
81750.0,0.33,-0.43,-0.69,0.227209,-0.912923,-0.007692,-0.338951
81760.0,0.33,-0.46,-0.68,0.230498,-0.90841,-0.008633,-0.348693
81770.0,0.33,-0.47,-0.66,0.233902,-0.903702,-0.009765,-0.358494
81780.0,0.35,-0.49,-0.65,0.23744,-0.89877,-0.011457,-0.36838
81790.0,0.35,-0.47,-0.66,0.241087,-0.893621,-0.013729,-0.378325
81800.0,0.37,-0.47,-0.68,0.244912,-0.888271,-0.016416,-0.388231
81810.0,0.41,-0.45,-0.67,0.248906,-0.882678,-0.019324,-0.398185
81820.0,0.43,-0.44,-0.61,0.253088,-0.876777,-0.022296,-0.408304
81830.0,0.42,-0.43,-0.59,0.25753,-0.870646,-0.025087,-0.418359
81840.0,0.44,-0.43,-0.51,0.261767,-0.864428,-0.027571,-0.428349
81850.0,0.46,-0.46,-0.43,0.265761,-0.858089,-0.030172,-0.438341
81860.0,0.52,-0.45,-0.38,0.269855,-0.851597,-0.033454,-0.448154
81870.0,0.52,-0.45,-0.37,0.274403,-0.844928,-0.037812,-0.45757
81880.0,0.51,-0.48,-0.38,0.279506,-0.838185,-0.043187,-0.466323
81890.0,0.55,-0.47,-0.42,0.284531,-0.831509,-0.048923,-0.474596
81900.0,0.53,-0.47,-0.43,0.289116,-0.82496,-0.054394,-0.482591
81910.0,0.49,-0.63,-0.42,0.292952,-0.818595,-0.059231,-0.490482
81920.0,0.58,-0.46,-0.4,0.295418,-0.812502,-0.063027,-0.498593
81930.0,0.57,-0.46,-0.32,0.296679,-0.806506,-0.065856,-0.507142
81940.0,0.58,-0.45,-0.18,0.297143,-0.800452,-0.068413,-0.516046
81950.0,0.61,-0.47,-0.11,0.296657,-0.794476,-0.071197,-0.525104
81960.0,0.61,-0.45,-0.05,0.29509,-0.788826,-0.074152,-0.53402
81970.0,0.66,-0.34,0.03,0.292692,-0.783447,-0.076908,-0.542796
81980.0,0.69,-0.2,-0.02,0.289535,-0.77842,-0.079901,-0.551225
81990.0,0.68,-0.08,-0.06,0.286443,-0.773726,-0.083429,-0.558872
82000.0,0.64,-0.1,-0.15,0.283937,-0.769369,-0.087802,-0.565457
82010.0,0.64,-0.12,-0.23,0.282144,-0.76522,-0.092375,-0.571226
82020.0,0.64,-0.11,-0.35,0.280807,-0.760852,-0.09641,-0.577024
82030.0,0.66,-0.08,-0.29,0.279797,-0.755883,-0.099638,-0.583462
82040.0,0.72,-0.08,-0.24,0.278576,-0.750276,-0.102476,-0.590745
82050.0,0.78,0.03,-0.11,0.2769,-0.744061,-0.105214,-0.598857
82060.0,0.83,0.04,0.0,0.27512,-0.737168,-0.10834,-0.607581
82070.0,0.87,0.09,0.05,0.27391,-0.730183,-0.111991,-0.615845
82080.0,0.87,0.06,0.11,0.273694,-0.72369,-0.115916,-0.622839
82090.0,0.81,-0.05,0.1,0.274526,-0.717926,-0.119997,-0.628345
82100.0,0.77,-0.16,0.11,0.275881,-0.713029,-0.124008,-0.632535
82110.0,0.7,-0.27,0.0,0.277007,-0.70866,-0.127568,-0.636234
82120.0,0.72,-0.3,-0.1,0.277208,-0.703833,-0.130356,-0.640923
82130.0,0.73,-0.1,-0.09,0.276168,-0.698398,-0.132499,-0.64685
82140.0,0.8,0.12,-0.0,0.274454,-0.692892,-0.134632,-0.653032
82150.0,0.82,0.24,0.08,0.273142,-0.6868,-0.137511,-0.659386
82160.0,0.85,0.26,0.18,0.272957,-0.680327,-0.141561,-0.66529
82170.0,0.89,0.29,0.28,0.274122,-0.673715,-0.146701,-0.670406
82180.0,0.92,0.19,0.32,0.276751,-0.667069,-0.152957,-0.674561
82190.0,1.01,0.11,0.29,0.280325,-0.660641,-0.159688,-0.677843
82200.0,1.01,0.08,0.38,0.283809,-0.654762,-0.166051,-0.680563
82210.0,1.0,0.04,0.35,0.286459,-0.649663,-0.171297,-0.683035
82220.0,1.05,0.18,0.35,0.287466,-0.645507,-0.175059,-0.685594
82230.0,0.96,0.19,0.36,0.286894,-0.642128,-0.177455,-0.688385
82240.0,1.06,0.4,0.26,0.285593,-0.639213,-0.178774,-0.691291
82250.0,1.04,0.45,0.34,0.284555,-0.636555,-0.179739,-0.693917
82260.0,1.04,0.38,0.28,0.284757,-0.634087,-0.1811,-0.695737
82270.0,1.03,0.23,0.22,0.286102,-0.632039,-0.182797,-0.696605
82280.0,1.01,0.09,0.16,0.287701,-0.630408,-0.184165,-0.697063
82290.0,0.94,-0.03,0.18,0.288733,-0.629094,-0.184517,-0.697731
82300.0,0.93,-0.05,0.19,0.288384,-0.628328,-0.183629,-0.698798
82310.0,0.95,0.04,0.26,0.286558,-0.627669,-0.181518,-0.70069
82320.0,0.94,0.12,0.34,0.283925,-0.626827,-0.179235,-0.7031
82330.0,0.97,0.21,0.39,0.280836,-0.625947,-0.177151,-0.705648
82340.0,0.97,0.31,0.37,0.277826,-0.62509,-0.175426,-0.708026
82350.0,1.01,0.29,0.33,0.275403,-0.624373,-0.174154,-0.709917
82360.0,1.05,0.23,0.32,0.273611,-0.624005,-0.172912,-0.711235
82370.0,1.03,0.13,0.27,0.272197,-0.62403,-0.171059,-0.712204
82380.0,1.0,0.05,0.28,0.270549,-0.624567,-0.16817,-0.713049
82390.0,0.99,-0.03,0.29,0.268175,-0.625541,-0.164191,-0.714018
82400.0,0.99,-0.02,0.29,0.26496,-0.626872,-0.159524,-0.715109
82410.0,0.99,0.09,0.29,0.261247,-0.628335,-0.154833,-0.716221
82420.0,1.0,0.15,0.26,0.257637,-0.629758,-0.15074,-0.717151
82431.0,1.0,0.09,0.21,0.25482,-0.631187,-0.147675,-0.717539
82440.0,1.01,0.0,0.19,0.253004,-0.632574,-0.14501,-0.717503
82450.0,0.99,-0.1,0.15,0.251838,-0.633929,-0.142176,-0.717285
82460.0,0.98,-0.23,0.15,0.250878,-0.635255,-0.138902,-0.717089
82470.0,0.99,-0.27,0.16,0.249471,-0.636614,-0.135023,-0.717116
82480.0,0.98,-0.28,0.16,0.247196,-0.638131,-0.130875,-0.717325
82490.0,0.97,-0.21,0.11,0.244198,-0.639809,-0.126734,-0.7176
82500.0,1.0,-0.16,0.12,0.240916,-0.641496,-0.122678,-0.717908
82510.0,1.02,-0.14,0.08,0.238066,-0.643269,-0.119218,-0.717855
82521.0,1.03,-0.16,0.06,0.235975,-0.645113,-0.116631,-0.717316
82530.0,1.0,-0.19,0.07,0.234825,-0.646769,-0.114887,-0.716483
82540.0,1.0,-0.19,0.01,0.234371,-0.648172,-0.113644,-0.715561
82550.0,0.99,-0.19,-0.03,0.233834,-0.649456,-0.112517,-0.71475
82560.0,0.99,-0.15,-0.06,0.232941,-0.650569,-0.111243,-0.714229
82571.0,1.0,-0.11,-0.06,0.231768,-0.651555,-0.109754,-0.713943
82580.0,1.02,-0.09,-0.03,0.230727,-0.652384,-0.108302,-0.713745
82591.0,1.03,-0.14,-0.01,0.230409,-0.653048,-0.107373,-0.71338
82600.0,1.02,-0.21,-0.05,0.23081,-0.653634,-0.107142,-0.712749
82611.0,1.0,-0.26,-0.04,0.231539,-0.654092,-0.107331,-0.712063
82620.0,0.95,-0.26,-0.06,0.232109,-0.654439,-0.107566,-0.711523
82630.0,0.93,-0.26,-0.07,0.232199,-0.654571,-0.107642,-0.71136
82641.0,0.95,-0.22,-0.01,0.23159,-0.654513,-0.1073,-0.711664
82650.0,0.99,-0.15,0.03,0.230512,-0.654241,-0.106526,-0.71238
82660.0,1.01,-0.14,0.07,0.229362,-0.653956,-0.105736,-0.71313
82670.0,1.01,-0.14,0.07,0.228309,-0.653775,-0.10524,-0.713707
82680.0,1.04,-0.1,0.03,0.227325,-0.653687,-0.104988,-0.714139
82690.0,1.02,-0.08,0.02,0.22646,-0.653641,-0.105033,-0.714449
82700.0,1.01,-0.08,-0.01,0.225845,-0.653565,-0.105284,-0.714676
82710.0,1.01,-0.03,0.03,0.225315,-0.653352,-0.105413,-0.715019
82720.0,1.01,-0.02,0.09,0.224908,-0.652918,-0.105501,-0.71553
82730.0,1.04,-0.04,0.11,0.224877,-0.652424,-0.105714,-0.715959
82740.0,1.04,-0.09,0.15,0.225163,-0.65199,-0.105929,-0.716233
82750.0,1.02,-0.13,0.17,0.225534,-0.651724,-0.106002,-0.716347
82760.0,1.02,-0.16,0.16,0.225763,-0.651675,-0.105942,-0.716329
82770.0,1.02,-0.14,0.15,0.225622,-0.651766,-0.105688,-0.716328
82780.0,1.01,-0.12,0.15,0.225153,-0.651996,-0.105203,-0.716338
82791.0,0.99,-0.08,0.16,0.224581,-0.652295,-0.104563,-0.716338
82800.0,0.98,-0.05,0.15,0.22414,-0.652677,-0.104081,-0.716199
82811.0,1.0,-0.04,0.14,0.223955,-0.653079,-0.104007,-0.715902
82820.0,1.0,-0.1,0.12,0.224154,-0.653505,-0.104209,-0.715421
82830.0,1.02,-0.14,0.11,0.224522,-0.65402,-0.104102,-0.71485
82840.0,1.04,-0.13,0.13,0.224727,-0.654634,-0.103466,-0.714316
82850.0,1.03,-0.11,0.14,0.224639,-0.655347,-0.102669,-0.713805
82860.0,1.02,-0.09,0.12,0.2246,-0.656097,-0.102159,-0.713201
82870.0,1.01,-0.13,0.11,0.225002,-0.656904,-0.10211,-0.712337
82880.0,1.01,-0.16,0.09,0.225743,-0.657822,-0.102254,-0.711234
82890.0,0.98,-0.16,0.05,0.226562,-0.658955,-0.102326,-0.709914
82900.0,1.02,-0.22,0.03,0.227135,-0.660188,-0.102108,-0.708615
82910.0,0.98,-0.22,-0.01,0.227326,-0.661532,-0.101596,-0.707373
82920.0,0.97,-0.18,-0.02,0.227216,-0.662807,-0.100864,-0.706319
82930.0,0.96,-0.16,-0.03,0.227102,-0.663916,-0.100188,-0.705409
82940.0,0.97,-0.17,-0.01,0.2273,-0.664734,-0.099805,-0.704629
82950.0,0.99,-0.21,0.02,0.227791,-0.665323,-0.099633,-0.703938
82960.0,1.02,-0.19,0.03,0.228342,-0.665833,-0.099368,-0.703315
82970.0,1.01,-0.2,0.03,0.228832,-0.666384,-0.099201,-0.702657
82980.0,1.01,-0.2,0.02,0.229263,-0.667086,-0.099254,-0.701843
82990.0,1.02,-0.23,0.01,0.22969,-0.667831,-0.099356,-0.70098
83001.0,1.01,-0.21,0.02,0.230267,-0.668635,-0.099466,-0.700008
83010.0,0.98,-0.26,-0.02,0.231096,-0.669455,-0.099769,-0.698907
83021.0,0.98,-0.27,-0.02,0.232014,-0.670284,-0.100259,-0.697737
83030.0,0.95,-0.27,-0.06,0.232785,-0.671074,-0.100946,-0.696621
83041.0,0.96,-0.24,-0.07,0.233295,-0.671834,-0.101624,-0.695619
83050.0,0.98,-0.23,-0.07,0.233541,-0.672572,-0.10215,-0.694746
83061.0,0.99,-0.21,-0.08,0.23358,-0.673268,-0.102509,-0.694004
83070.0,1.0,-0.19,-0.07,0.233553,-0.673883,-0.102821,-0.693371
83080.0,1.0,-0.15,-0.05,0.23354,-0.674426,-0.103311,-0.692773
83090.0,1.01,-0.09,-0.03,0.233587,-0.674869,-0.104011,-0.692222
83100.0,1.02,-0.04,-0.0,0.23385,-0.675205,-0.104969,-0.69166
83110.0,1.03,-0.03,0.06,0.234495,-0.675519,-0.106107,-0.690961
83120.0,1.08,0.02,0.1,0.235449,-0.675838,-0.107246,-0.690149
83130.0,1.11,-0.01,0.18,0.236757,-0.676256,-0.108424,-0.689107
83141.0,1.08,-0.05,0.18,0.238314,-0.67691,-0.109455,-0.687763
83150.0,1.03,-0.06,0.16,0.239772,-0.67799,-0.109912,-0.686118
83160.0,1.0,-0.09,0.1,0.240828,-0.679525,-0.109621,-0.684274
83170.0,0.96,-0.11,0.07,0.241429,-0.681483,-0.108672,-0.682263
83180.0,0.97,-0.14,0.03,0.24173,-0.683707,-0.107319,-0.680142
83191.0,0.94,-0.19,-0.02,0.241973,-0.686025,-0.105784,-0.677959
83200.0,0.92,-0.2,-0.05,0.24212,-0.688341,-0.104333,-0.67578
83210.0,0.92,-0.18,-0.05,0.242013,-0.690468,-0.10293,-0.673862
83221.0,0.93,-0.1,-0.02,0.241643,-0.692288,-0.101667,-0.672317
83230.0,0.96,0.0,-0.01,0.241267,-0.693806,-0.1009,-0.671001
83240.0,0.98,0.01,0.05,0.241408,-0.695166,-0.100912,-0.669539
83250.0,1.0,-0.01,0.05,0.242197,-0.696573,-0.101287,-0.667733
83260.0,1.0,-0.06,0.08,0.243399,-0.698144,-0.101313,-0.665649
83270.0,1.02,-0.08,0.12,0.244638,-0.700005,-0.10064,-0.663338
83280.0,1.05,-0.08,0.18,0.245674,-0.702111,-0.099312,-0.660925
83290.0,1.02,-0.08,0.2,0.246665,-0.70441,-0.097829,-0.658326
83300.0,0.97,-0.1,0.18,0.247686,-0.706981,-0.096358,-0.655396
83310.0,0.93,-0.13,0.16,0.248601,-0.709769,-0.094773,-0.65226
83320.0,0.92,-0.16,0.12,0.249237,-0.712842,-0.092955,-0.648919
83331.0,0.9,-0.16,0.12,0.24952,-0.716124,-0.090722,-0.645505
83340.0,0.9,-0.22,0.09,0.249486,-0.719564,-0.088178,-0.642035
83350.0,0.9,-0.18,0.12,0.249202,-0.723089,-0.085409,-0.638549
83361.0,0.9,-0.17,0.15,0.248888,-0.726544,-0.082804,-0.635084
83370.0,0.9,-0.15,0.23,0.249029,-0.729856,-0.080807,-0.631478
83380.0,0.85,-0.23,0.26,0.250005,-0.733107,-0.07955,-0.627474
83391.0,0.82,-0.31,0.29,0.251453,-0.736428,-0.078592,-0.623112
83400.0,0.8,-0.35,0.31,0.252531,-0.739928,-0.077477,-0.618653
83411.0,0.78,-0.37,0.32,0.252504,-0.743659,-0.0757,-0.614396
83420.0,0.77,-0.28,0.34,0.251338,-0.74777,-0.073291,-0.610162
83430.0,0.72,-0.27,0.32,0.249496,-0.752312,-0.0708,-0.605612
83441.0,0.71,-0.22,0.25,0.247519,-0.757254,-0.068599,-0.600496
83450.0,0.67,-0.15,0.2,0.245813,-0.762362,-0.066903,-0.594898
83460.0,0.69,-0.15,0.17,0.245133,-0.767377,-0.066225,-0.588776
83471.0,0.71,-0.17,0.14,0.246036,-0.772128,-0.066812,-0.582083
83480.0,0.72,-0.22,0.04,0.247869,-0.77686,-0.068199,-0.574803
83491.0,0.75,-0.27,-0.04,0.249531,-0.781665,-0.069462,-0.567371
83500.0,0.76,-0.27,-0.11,0.250106,-0.786752,-0.069817,-0.559995
83510.0,0.75,-0.2,-0.16,0.24905,-0.792264,-0.06883,-0.55277
83521.0,0.76,-0.09,-0.17,0.246728,-0.798066,-0.066831,-0.545664
83530.0,0.74,-0.01,-0.2,0.244452,-0.803871,-0.064865,-0.538355
83540.0,0.74,0.02,-0.22,0.243349,-0.809547,-0.06368,-0.530433
83551.0,0.65,-0.12,-0.29,0.243915,-0.814983,-0.063196,-0.521837
83560.0,0.58,-0.23,-0.38,0.245366,-0.820454,-0.062447,-0.512592
83570.0,0.56,-0.33,-0.44,0.246603,-0.826065,-0.060833,-0.503093
83580.0,0.52,-0.43,-0.47,0.246714,-0.831893,-0.058378,-0.493638
83590.0,0.5,-0.42,-0.48,0.245323,-0.837859,-0.05508,-0.484537
83600.0,0.5,-0.39,-0.5,0.24247,-0.843901,-0.051343,-0.475818
83611.0,0.53,-0.32,-0.49,0.238845,-0.849849,-0.047784,-0.46736
83620.0,0.51,-0.25,-0.52,0.23532,-0.855557,-0.04481,-0.458953
83630.0,0.54,-0.14,-0.5,0.232688,-0.860834,-0.042771,-0.450545
83641.0,0.54,-0.11,-0.49,0.231533,-0.865573,-0.04196,-0.442058
83650.0,0.51,-0.15,-0.49,0.231624,-0.869909,-0.041929,-0.433416
83661.0,0.45,-0.25,-0.53,0.232138,-0.874177,-0.041773,-0.424477
83671.0,0.34,-0.31,-0.56,0.231587,-0.878749,-0.040651,-0.41535
83680.0,0.32,-0.29,-0.55,0.228722,-0.883691,-0.037979,-0.406612
83690.0,0.36,-0.17,-0.53,0.223551,-0.888963,-0.034086,-0.398255
83701.0,0.42,-0.05,-0.47,0.217748,-0.894137,-0.030412,-0.390101
83710.0,0.46,-0.0,-0.47,0.213304,-0.899007,-0.027994,-0.38145
83721.0,0.45,0.01,-0.52,0.211065,-0.903472,-0.026887,-0.372112
83730.0,0.41,-0.02,-0.67,0.210586,-0.907644,-0.026306,-0.362139
83740.0,0.36,-0.14,-0.79,0.210631,-0.911742,-0.02553,-0.351724
83751.0,0.26,-0.25,-0.85,0.209637,-0.91595,-0.023817,-0.34135
83760.0,0.21,-0.36,-0.84,0.206238,-0.920307,-0.020618,-0.331776
83771.0,0.16,-0.37,-0.84,0.20013,-0.924995,-0.015977,-0.32261
83780.0,0.16,-0.16,-0.79,0.192152,-0.929812,-0.011134,-0.313694
83790.0,0.23,0.01,-0.78,0.18453,-0.934194,-0.007339,-0.305248
83801.0,0.26,0.04,-0.85,0.1794,-0.937993,-0.005356,-0.296575
83811.0,0.31,0.05,-0.93,0.177148,-0.941234,-0.004642,-0.287533
83820.0,0.32,-0.02,-0.96,0.177077,-0.944024,-0.004343,-0.278288
83831.0,0.28,-0.17,-1.04,0.178127,-0.946481,-0.00352,-0.269133
83840.0,0.28,-0.29,-1.04,0.178691,-0.948807,-0.001734,-0.260446
83850.0,0.12,-0.48,-1.0,0.177623,-0.951397,0.001147,-0.25158
83861.0,-0.15,-0.55,-1.04,0.174153,-0.954539,0.005027,-0.241869
83870.0,-0.14,-0.4,-1.24,0.167887,-0.957996,0.009165,-0.232323
83881.0,-0.0,-0.34,-1.07,0.160091,-0.961346,0.012636,-0.223665
83891.0,0.08,-0.0,-1.07,0.152128,-0.964431,0.015028,-0.215646
83900.0,0.12,0.1,-1.14,0.146192,-0.967088,0.016283,-0.207616
83910.0,0.12,0.06,-1.24,0.143906,-0.969202,0.016568,-0.199158
83921.0,0.18,-0.09,-1.28,0.14446,-0.970806,0.016795,-0.190749
83930.0,0.18,-0.27,-1.27,0.145875,-0.971998,0.018028,-0.183345
83940.0,0.14,-0.44,-1.33,0.145989,-0.973273,0.020623,-0.17607
83951.0,-0.07,-0.44,-1.33,0.143241,-0.975045,0.024265,-0.167873
83960.0,-0.14,-0.39,-1.43,0.137827,-0.977266,0.028264,-0.158605
83970.0,-0.06,-0.33,-1.37,0.130831,-0.979394,0.031738,-0.150546
83981.0,-0.02,-0.17,-1.36,0.123868,-0.981322,0.034397,-0.143109
83991.0,-0.01,-0.07,-1.41,0.118661,-0.98298,0.036218,-0.135494
84000.0,0.04,-0.1,-1.4,0.116201,-0.984222,0.037453,-0.128069
84011.0,0.11,-0.19,-1.39,0.11604,-0.985049,0.038462,-0.121385
84020.0,0.11,-0.32,-1.42,0.116778,-0.985668,0.039665,-0.115105
84031.0,0.05,-0.41,-1.46,0.116883,-0.986278,0.041116,-0.109101
84040.0,-0.12,-0.42,-1.45,0.115062,-0.987037,0.042841,-0.10336
84050.0,-0.1,-0.31,-1.44,0.111213,-0.987958,0.044535,-0.097914
84061.0,-0.01,-0.22,-1.37,0.106453,-0.988864,0.045712,-0.093417
84070.0,0.04,-0.07,-1.37,0.102229,-0.989662,0.046308,-0.089292
84081.0,0.04,-0.01,-1.37,0.099694,-0.990288,0.046611,-0.084962
84091.0,0.09,-0.05,-1.36,0.099107,-0.990696,0.047085,-0.080517
84101.0,0.09,-0.16,-1.32,0.099995,-0.990874,0.048037,-0.076564
84111.0,0.06,-0.29,-1.35,0.101603,-0.990918,0.049478,-0.072875
84120.0,-0.04,-0.42,-1.35,0.102734,-0.990978,0.051136,-0.069239
84131.0,-0.11,-0.48,-1.39,0.10214,-0.991204,0.052952,-0.06541
84140.0,-0.1,-0.39,-1.37,0.099318,-0.991638,0.054528,-0.061782
84150.0,-0.05,-0.33,-1.36,0.095297,-0.992147,0.055582,-0.058939
84161.0,-0.02,-0.19,-1.38,0.091279,-0.992657,0.055991,-0.056261
84170.0,0.0,-0.14,-1.38,0.088343,-0.993056,0.056055,-0.053788
84181.0,0.02,-0.16,-1.35,0.087257,-0.99327,0.05613,-0.051474
84190.0,0.02,-0.22,-1.35,0.087802,-0.993313,0.056463,-0.049311
84201.0,0.01,-0.28,-1.3,0.089365,-0.993236,0.056984,-0.047422
84210.0,-0.04,-0.34,-1.31,0.091248,-0.993117,0.057408,-0.045796
84221.0,-0.04,-0.35,-1.32,0.092626,-0.99304,0.057524,-0.044522
84230.0,-0.04,-0.31,-1.28,0.092887,-0.993063,0.057296,-0.043768
84241.0,-0.03,-0.26,-1.24,0.092159,-0.993176,0.056799,-0.043377
84251.0,-0.02,-0.19,-1.19,0.091001,-0.993322,0.0562,-0.043275
84261.0,-0.01,-0.17,-1.13,0.0903,-0.993421,0.055591,-0.043258
84271.0,0.02,-0.17,-1.1,0.090599,-0.993432,0.054918,-0.043228
84280.0,-0.0,-0.14,-1.09,0.091739,-0.993365,0.054219,-0.043253
84291.0,-0.0,-0.14,-1.1,0.093323,-0.993266,0.053428,-0.043123
84300.0,0.0,-0.17,-1.09,0.09488,-0.993163,0.05266,-0.043042
84311.0,0.0,-0.17,-1.07,0.095776,-0.993109,0.052074,-0.043015
84320.0,-0.01,-0.16,-1.08,0.095574,-0.993148,0.051786,-0.0429
84331.0,-0.01,-0.15,-1.05,0.094579,-0.993252,0.051666,-0.04284
84341.0,-0.01,-0.1,-1.04,0.093313,-0.993378,0.051571,-0.042813
84350.0,-0.01,-0.06,-1.01,0.092472,-0.993468,0.051403,-0.042746
84361.0,0.03,-0.07,-0.99,0.092521,-0.993482,0.051153,-0.042624
84370.0,0.01,-0.08,-1.0,0.093445,-0.993419,0.050813,-0.042488
84381.0,0.01,-0.09,-1.01,0.094701,-0.993316,0.050621,-0.042345
84390.0,0.02,-0.12,-1.02,0.095663,-0.993232,0.050603,-0.042157
84401.0,0.01,-0.13,-1.01,0.095885,-0.993206,0.050822,-0.042017
84411.0,0.01,-0.13,-1.0,0.095433,-0.993235,0.051181,-0.041913
84420.0,0.02,-0.11,-1.0,0.094624,-0.993293,0.051548,-0.041928
84431.0,0.04,-0.08,-0.97,0.094059,-0.993325,0.051868,-0.042049
84441.0,0.04,-0.07,-0.96,0.094315,-0.993284,0.052148,-0.042091
84451.0,0.05,-0.11,-0.96,0.095598,-0.993156,0.052311,-0.042025
84461.0,0.05,-0.13,-0.95,0.097376,-0.992974,0.052449,-0.042077
84471.0,0.02,-0.16,-0.97,0.098987,-0.992809,0.0527,-0.041889
84481.0,0.01,-0.21,-0.98,0.099974,-0.992703,0.053056,-0.041595
84491.0,-0.0,-0.2,-1.0,0.100265,-0.992665,0.053454,-0.041314
84501.0,-0.0,-0.22,-1.02,0.100072,-0.992673,0.053791,-0.041138
84511.0,0.02,-0.21,-1.02,0.099754,-0.992697,0.053963,-0.041099
84521.0,0.01,-0.18,-0.98,0.099625,-0.992705,0.053988,-0.041201
84530.0,0.01,-0.19,-0.98,0.099946,-0.992669,0.053916,-0.041369
84541.0,0.03,-0.22,-0.98,0.100697,-0.992593,0.053819,-0.041514
84551.0,0.02,-0.31,-0.99,0.101668,-0.992495,0.053783,-0.041526
84560.0,0.0,-0.34,-1.02,0.10235,-0.992426,0.053836,-0.041429
84571.0,-0.02,-0.39,-1.03,0.102569,-0.992405,0.053923,-0.041282
84581.0,-0.04,-0.4,-1.07,0.102445,-0.992426,0.05384,-0.041186
84590.0,-0.03,-0.39,-1.06,0.102344,-0.992456,0.053383,-0.041322
84601.0,-0.01,-0.36,-1.03,0.102634,-0.992459,0.052458,-0.041701
84611.0,-0.0,-0.38,-1.02,0.103563,-0.992407,0.051193,-0.04222
84621.0,0.0,-0.42,-1.01,0.104946,-0.99231,0.049779,-0.04276
84630.0,-0.02,-0.44,-0.99,0.106184,-0.992226,0.048348,-0.043298
84641.0,-0.03,-0.46,-0.98,0.106936,-0.992187,0.047038,-0.043775
84651.0,-0.04,-0.53,-0.98,0.107157,-0.992214,0.045755,-0.043995
84661.0,-0.06,-0.58,-1.02,0.106953,-0.992302,0.044315,-0.04398
84670.0,-0.06,-0.59,-1.02,0.106413,-0.992434,0.042628,-0.043981
84681.0,-0.05,-0.58,-1.01,0.106035,-0.992558,0.040556,-0.04405
84691.0,-0.08,-0.57,-1.01,0.106367,-0.992618,0.038033,-0.044143
84701.0,-0.11,-0.6,-1.01,0.107807,-0.992571,0.034966,-0.044248
84710.0,-0.11,-0.64,-1.01,0.110081,-0.99243,0.031318,-0.044542
84721.0,-0.13,-0.7,-1.0,0.11243,-0.992271,0.027187,-0.044928
84730.0,-0.14,-0.7,-0.99,0.114239,-0.992149,0.022658,-0.045557
84741.0,-0.13,-0.73,-1.01,0.115005,-0.992112,0.017697,-0.046638
84750.0,-0.12,-0.73,-1.0,0.114614,-0.992173,0.012129,-0.048054
84761.0,-0.11,-0.65,-0.96,0.113045,-0.992331,0.005943,-0.04964
84771.0,-0.1,-0.54,-0.92,0.1108,-0.992514,-0.000875,-0.051369
84780.0,-0.09,-0.46,-0.87,0.108924,-0.992599,-0.008289,-0.053051
84791.0,-0.1,-0.41,-0.89,0.108349,-0.992487,-0.016179,-0.054478
84800.0,-0.07,-0.41,-0.91,0.109123,-0.992163,-0.024329,-0.055789
84811.0,-0.08,-0.47,-0.93,0.110798,-0.991652,-0.032553,-0.057356
84821.0,-0.09,-0.53,-0.89,0.112588,-0.991053,-0.040579,-0.059083
84831.0,-0.08,-0.53,-0.85,0.113723,-0.990477,-0.048271,-0.060771
84841.0,-0.08,-0.55,-0.82,0.114249,-0.989954,-0.055684,-0.061943
84851.0,-0.15,-0.58,-0.83,0.114508,-0.989482,-0.062996,-0.062
84861.0,-0.17,-0.55,-0.91,0.114806,-0.989009,-0.070399,-0.061034
84870.0,-0.16,-0.57,-0.96,0.115282,-0.988437,-0.07824,-0.059833
84881.0,-0.2,-0.57,-1.02,0.11577,-0.987748,-0.086591,-0.058756
84890.0,-0.21,-0.52,-1.04,0.116015,-0.986955,-0.09535,-0.058039
84901.0,-0.21,-0.49,-1.02,0.116063,-0.986055,-0.104365,-0.057739
84910.0,-0.22,-0.51,-0.96,0.116378,-0.985006,-0.113576,-0.057626
84921.0,-0.24,-0.52,-0.89,0.117301,-0.983775,-0.122967,-0.057507
84931.0,-0.23,-0.55,-0.85,0.118979,-0.982333,-0.132572,-0.057366
84941.0,-0.25,-0.61,-0.9,0.121196,-0.980678,-0.142554,-0.057094
84951.0,-0.26,-0.62,-0.98,0.123038,-0.978877,-0.153106,-0.056741
84960.0,-0.25,-0.57,-0.98,0.123637,-0.976996,-0.164258,-0.056669
84971.0,-0.26,-0.47,-1.02,0.122725,-0.975139,-0.175691,-0.056347
84981.0,-0.27,-0.33,-1.04,0.121227,-0.973162,-0.187336,-0.056253
84991.0,-0.28,-0.27,-1.0,0.120629,-0.970888,-0.199157,-0.056236
85001.0,-0.31,-0.29,-0.96,0.12172,-0.968223,-0.211208,-0.055856
85011.0,-0.33,-0.28,-0.93,0.124478,-0.965161,-0.223437,-0.055185
85021.0,-0.28,-0.35,-0.91,0.128548,-0.9617,-0.235864,-0.054561
85031.0,-0.29,-0.4,-0.92,0.132987,-0.957882,-0.248692,-0.054118
85041.0,-0.23,-0.39,-0.94,0.136277,-0.953965,-0.261752,-0.053531
85050.0,-0.27,-0.35,-1.0,0.137487,-0.950174,-0.274801,-0.052455
85061.0,-0.26,-0.29,-0.97,0.136937,-0.946441,-0.287781,-0.051762
85071.0,-0.24,-0.15,-0.94,0.135368,-0.942697,-0.300562,-0.051576
85080.0,-0.3,-0.12,-0.95,0.133959,-0.938809,-0.313131,-0.0514
85091.0,-0.3,-0.08,-0.9,0.133767,-0.934609,-0.325621,-0.050823
85101.0,-0.27,-0.09,-0.9,0.135482,-0.930027,-0.337985,-0.0496
85111.0,-0.2,-0.13,-0.9,0.139235,-0.924963,-0.350432,-0.047481
85121.0,-0.2,-0.22,-0.98,0.143876,-0.919597,-0.362891,-0.044177
85131.0,-0.19,-0.28,-1.01,0.148045,-0.91416,-0.375188,-0.040342
85141.0,-0.23,-0.33,-1.03,0.150558,-0.908878,-0.38719,-0.036843
85151.0,-0.26,-0.25,-0.99,0.150697,-0.903851,-0.398949,-0.0344
85161.0,-0.26,-0.15,-0.97,0.148874,-0.899037,-0.410434,-0.03335
85171.0,-0.26,-0.08,-0.92,0.146532,-0.89422,-0.421684,-0.032883
85181.0,-0.26,-0.0,-0.92,0.144925,-0.889248,-0.432676,-0.032049
85191.0,-0.21,-0.03,-0.94,0.145052,-0.883975,-0.443441,-0.030147
85201.0,-0.2,-0.09,-1.08,0.146528,-0.878422,-0.454063,-0.027045
85211.0,-0.17,-0.15,-1.02,0.148258,-0.872823,-0.464372,-0.023643
85221.0,-0.2,-0.18,-1.05,0.149516,-0.867364,-0.47424,-0.020536
85230.0,-0.2,-0.18,-1.03,0.149945,-0.862001,-0.483894,-0.017794
85241.0,-0.22,-0.16,-0.99,0.149649,-0.856611,-0.493537,-0.015589
85251.0,-0.24,-0.13,-0.99,0.149181,-0.851039,-0.503281,-0.013612
85261.0,-0.2,-0.1,-0.98,0.149208,-0.845216,-0.513039,-0.011774
85271.0,-0.2,-0.06,-0.98,0.149631,-0.839168,-0.522795,-0.009623
85281.0,-0.17,-0.06,-1.01,0.15026,-0.832931,-0.532539,-0.007074
85291.0,-0.12,-0.06,-0.99,0.151095,-0.826614,-0.542089,-0.004271
85301.0,-0.14,-0.04,-1.0,0.151983,-0.820358,-0.551282,-0.00156
85311.0,-0.12,-0.07,-0.97,0.152817,-0.814188,-0.560129,0.001077
85321.0,-0.11,-0.13,-0.91,0.153444,-0.808053,-0.568763,0.003682
85331.0,-0.14,-0.16,-0.94,0.15328,-0.802001,-0.57729,0.005988
85341.0,-0.07,-0.07,-1.0,0.1518,-0.796111,-0.585756,0.007259
85351.0,-0.03,0.02,-1.11,0.149012,-0.790284,-0.594297,0.007562
85361.0,-0.02,0.14,-1.14,0.145452,-0.784571,-0.602694,0.007204
85371.0,-0.0,0.18,-1.14,0.142182,-0.779046,-0.610597,0.006564
85381.0,0.0,0.17,-1.13,0.139961,-0.773647,-0.617934,0.006234
85391.0,-0.01,0.11,-1.06,0.138739,-0.768314,-0.624824,0.006406
85401.0,-0.01,0.09,-1.0,0.137987,-0.763052,-0.6314,0.006705
85411.0,0.01,0.05,-0.94,0.137277,-0.757911,-0.637713,0.006887
85421.0,-0.0,0.08,-0.94,0.136245,-0.75294,-0.643794,0.006949
85431.0,0.01,0.1,-0.95,0.134678,-0.748114,-0.649721,0.007089
85441.0,0.0,0.09,-0.99,0.132864,-0.743339,-0.655543,0.007599
85451.0,0.0,0.12,-1.04,0.13107,-0.738679,-0.661138,0.008386
85461.0,0.01,0.18,-1.04,0.129531,-0.734138,-0.666464,0.009391
85471.0,0.03,0.2,-1.05,0.128631,-0.729629,-0.671548,0.010906
85481.0,0.04,0.2,-1.06,0.128664,-0.725161,-0.676325,0.013099
85491.0,0.08,0.15,-1.03,0.129454,-0.720853,-0.680707,0.015826
85501.0,0.04,0.01,-1.07,0.130211,-0.716867,-0.684688,0.018695
85511.0,0.02,0.0,-1.06,0.129839,-0.71332,-0.688401,0.020505
85521.0,0.06,0.1,-1.02,0.128098,-0.710149,-0.691995,0.020553
85531.0,0.09,0.16,-1.0,0.125643,-0.707185,-0.695497,0.019684
85541.0,0.1,0.24,-1.01,0.123226,-0.704306,-0.698861,0.019025
85551.0,0.08,0.26,-1.05,0.121446,-0.701506,-0.701973,0.019342
85561.0,0.04,0.21,-1.07,0.120521,-0.698803,-0.704782,0.020799
85571.0,0.05,0.13,-1.05,0.120361,-0.696321,-0.707197,0.022856
85581.0,0.06,0.04,-1.0,0.120498,-0.694213,-0.709183,0.024669
85591.0,0.09,-0.01,-0.96,0.120293,-0.692423,-0.710924,0.025826
85601.0,0.11,-0.0,-0.98,0.119447,-0.690807,-0.71262,0.026288
85611.0,0.11,-0.01,-0.98,0.117782,-0.689323,-0.714335,0.026221
85621.0,0.13,0.04,-1.05,0.115393,-0.688056,-0.715963,0.025698
85631.0,0.13,0.08,-1.08,0.112588,-0.686971,-0.717484,0.024714
85641.0,0.13,0.15,-1.11,0.109927,-0.686045,-0.718816,0.023687
85651.0,0.12,0.17,-1.1,0.107968,-0.685279,-0.719863,0.023068
85661.0,0.1,0.1,-1.11,0.106933,-0.68471,-0.720552,0.023306
85671.0,0.09,0.02,-1.08,0.106683,-0.684374,-0.720871,0.024418
85681.0,0.11,-0.1,-1.05,0.106901,-0.684218,-0.72093,0.026044
85691.0,0.08,-0.21,-1.05,0.107121,-0.684169,-0.720884,0.027637
85701.0,0.09,-0.22,-1.07,0.106654,-0.684173,-0.72092,0.028399
85711.0,0.1,-0.2,-1.08,0.105262,-0.684187,-0.721124,0.028072
85721.0,0.12,-0.13,-1.1,0.103182,-0.684205,-0.721451,0.026937
85731.0,0.11,-0.08,-1.1,0.100881,-0.68425,-0.721788,0.025427
85741.0,0.12,-0.03,-1.1,0.098819,-0.684288,-0.722088,0.023964
85751.0,0.12,0.02,-1.11,0.097352,-0.684248,-0.72236,0.022883
85761.0,0.1,0.03,-1.09,0.096894,-0.68409,-0.722584,0.022449
85771.0,0.06,0.01,-1.09,0.097453,-0.68396,-0.72263,0.022535
85781.0,0.07,-0.03,-1.04,0.098466,-0.684069,-0.722382,0.022767
85791.0,0.08,-0.14,-0.98,0.099222,-0.68456,-0.721813,0.022791
85801.0,0.07,-0.21,-0.96,0.099096,-0.685448,-0.720999,0.02237
85811.0,0.07,-0.23,-0.95,0.097991,-0.686552,-0.720127,0.021469
85821.0,0.09,-0.2,-0.96,0.096285,-0.687679,-0.719314,0.020343
85831.0,0.09,-0.18,-0.99,0.094537,-0.688714,-0.71858,0.019439
85841.0,0.08,-0.17,-1.02,0.0933,-0.689613,-0.717889,0.019061
85851.0,0.06,-0.16,-1.03,0.092802,-0.690368,-0.717225,0.019177
85861.0,0.06,-0.18,-0.98,0.093056,-0.691012,-0.716559,0.019648
85871.0,0.06,-0.27,-0.97,0.093762,-0.69168,-0.715806,0.020227
85881.0,0.06,-0.33,-0.97,0.094275,-0.692485,-0.714955,0.020414
85891.0,0.07,-0.36,-0.93,0.094031,-0.69344,-0.714077,0.01981
85901.0,0.08,-0.35,-0.91,0.092984,-0.694433,-0.713283,0.018526
85911.0,0.08,-0.31,-0.93,0.091594,-0.695288,-0.712665,0.017117
85921.0,0.1,-0.28,-0.92,0.090488,-0.695921,-0.712213,0.016102
85931.0,0.09,-0.25,-0.93,0.090117,-0.6963,-0.711894,0.015897
85941.0,0.12,-0.25,-0.9,0.090653,-0.69649,-0.711623,0.016631
85951.0,0.13,-0.32,-0.93,0.091774,-0.69657,-0.711368,0.01796
85961.0,0.09,-0.34,-0.95,0.09264,-0.696642,-0.711155,0.019139
85971.0,0.09,-0.31,-0.97,0.092566,-0.696841,-0.710964,0.019318
85981.0,0.11,-0.25,-0.98,0.091591,-0.697192,-0.710773,0.018353
85991.0,0.11,-0.21,-0.97,0.090273,-0.697583,-0.710594,0.016896
86001.0,0.1,-0.2,-0.98,0.08922,-0.697906,-0.710437,0.015695
86011.0,0.11,-0.22,-0.98,0.088699,-0.698107,-0.710318,0.015041
86021.0,0.1,-0.21,-0.99,0.088765,-0.698178,-0.710243,0.014917
86031.0,0.1,-0.2,-0.99,0.089343,-0.698133,-0.710208,0.015266
86041.0,0.1,-0.24,-0.99,0.090246,-0.698022,-0.710188,0.015965
86051.0,0.08,-0.28,-1.01,0.09112,-0.697925,-0.710155,0.016672
86062.0,0.09,-0.32,-1.02,0.091391,-0.697934,-0.710106,0.016888
86071.0,0.07,-0.33,-1.01,0.090727,-0.698133,-0.710011,0.016244
86081.0,0.09,-0.3,-1.03,0.089271,-0.698511,-0.709852,0.014944
86091.0,0.06,-0.28,-1.04,0.087458,-0.69891,-0.709716,0.013371
86101.0,0.06,-0.26,-1.06,0.085782,-0.699161,-0.709699,0.01193
86111.0,0.05,-0.24,-1.07,0.084766,-0.699178,-0.709822,0.010808
86121.0,0.04,-0.2,-1.06,0.084627,-0.698927,-0.710097,0.01008
86131.0,0.04,-0.2,-1.06,0.08529,-0.698464,-0.710479,0.009671
86141.0,0.03,-0.18,-1.05,0.086529,-0.697842,-0.710942,0.009497
86151.0,0.03,-0.17,-1.0,0.088099,-0.697082,-0.711495,0.00947
86161.0,0.01,-0.16,-1.0,0.089799,-0.696214,-0.712131,0.009584
86171.0,-0.02,-0.17,-0.99,0.091412,-0.695265,-0.712849,0.009786
86181.0,-0.02,-0.19,-0.97,0.092944,-0.694283,-0.713607,0.009923
86191.0,-0.0,-0.2,-0.94,0.094436,-0.693266,-0.7144,0.009798
86202.0,-0.02,-0.21,-0.95,0.095765,-0.692134,-0.715326,0.009377
86211.0,-0.02,-0.17,-0.94,0.096881,-0.690843,-0.716432,0.008694
86221.0,-0.01,-0.1,-0.96,0.098003,-0.689399,-0.717677,0.007996
86231.0,-0.02,-0.07,-0.96,0.099415,-0.687788,-0.71903,0.007768
86241.0,-0.02,-0.1,-0.93,0.101252,-0.68601,-0.720466,0.008171
86251.0,-0.09,-0.09,-0.98,0.103372,-0.684107,-0.72196,0.009226
86261.0,-0.08,-0.07,-0.94,0.105798,-0.682269,-0.723329,0.010519
86271.0,-0.1,-0.12,-0.93,0.108468,-0.680524,-0.724553,0.012007
86281.0,-0.11,-0.15,-0.93,0.11113,-0.678785,-0.725752,0.013602
86291.0,-0.12,-0.18,-0.95,0.113755,-0.676985,-0.726998,0.014964
86301.0,-0.1,-0.24,-0.94,0.116406,-0.675063,-0.728351,0.015666
86311.0,-0.08,-0.3,-0.88,0.118915,-0.673023,-0.729836,0.015451
86321.0,-0.1,-0.31,-0.83,0.120834,-0.670982,-0.731425,0.014111
86331.0,-0.17,-0.29,-0.79,0.121752,-0.669096,-0.733042,0.011702
86341.0,-0.19,-0.28,-0.76,0.121557,-0.667417,-0.734648,0.008408
86351.0,-0.26,-0.24,-0.75,0.120456,-0.665764,-0.736361,0.004581
86361.0,-0.2,-0.14,-0.78,0.118991,-0.663899,-0.738295,0.000575
86371.0,-0.08,-0.12,-0.83,0.118007,-0.661577,-0.740527,-0.003125
86382.0,-0.06,-0.12,-0.88,0.117919,-0.658613,-0.743161,-0.006059
86391.0,-0.11,-0.13,-0.9,0.118623,-0.655032,-0.746185,-0.008349
86401.0,-0.1,-0.16,-0.89,0.119424,-0.651261,-0.749326,-0.010342
86411.0,-0.16,-0.15,-0.9,0.119219,-0.647862,-0.752264,-0.012649
86421.0,-0.26,-0.16,-0.98,0.117817,-0.644959,-0.754906,-0.016235
86432.0,-0.23,-0.08,-1.0,0.115564,-0.642864,-0.756897,-0.021887
86441.0,-0.16,0.02,-0.94,0.112937,-0.641709,-0.758026,-0.029175
86451.0,-0.02,0.07,-0.88,0.110873,-0.64068,-0.758896,-0.036238
86461.0,0.16,0.08,-0.76,0.11011,-0.63974,-0.759499,-0.042067
86471.0,0.14,-0.02,-0.78,0.110429,-0.638919,-0.759964,-0.045204
86481.0,0.15,-0.13,-0.86,0.111416,-0.637845,-0.76069,-0.045726
86492.0,0.1,-0.15,-0.93,0.112604,-0.636467,-0.761687,-0.045419
86501.0,0.01,-0.19,-0.92,0.113479,-0.634857,-0.762894,-0.045528
86511.0,-0.09,-0.16,-0.92,0.113552,-0.633308,-0.764119,-0.046356
86521.0,-0.11,-0.19,-0.97,0.112429,-0.632263,-0.76507,-0.047657
86531.0,0.06,-0.21,-0.98,0.110682,-0.63184,-0.765545,-0.049682
86541.0,0.18,-0.23,-0.92,0.108727,-0.631814,-0.765642,-0.052749
86551.0,0.27,-0.23,-0.94,0.106397,-0.632022,-0.765535,-0.056434
86561.0,0.37,-0.16,-0.9,0.103963,-0.632599,-0.765078,-0.060552
86571.0,0.38,-0.11,-0.91,0.101959,-0.633569,-0.764217,-0.064553
86581.0,0.36,-0.08,-0.91,0.100557,-0.634474,-0.763393,-0.067541
86592.0,0.35,-0.04,-0.88,0.099649,-0.634889,-0.763047,-0.068881
86601.0,0.21,-0.03,-0.95,0.098776,-0.634812,-0.763318,-0.067845
86612.0,0.12,-0.05,-1.04,0.097722,-0.634659,-0.763853,-0.064705
86621.0,0.1,-0.08,-1.05,0.096944,-0.634871,-0.764085,-0.060941
86632.0,0.26,-0.2,-1.06,0.096853,-0.635554,-0.763783,-0.057665
86641.0,0.36,-0.28,-1.01,0.097487,-0.636369,-0.76316,-0.055833
86651.0,0.33,-0.31,-0.97,0.098119,-0.637216,-0.762398,-0.055485
86661.0,0.39,-0.32,-0.92,0.098584,-0.638232,-0.761397,-0.056715
86671.0,0.31,-0.32,-0.84,0.099098,-0.639606,-0.759989,-0.059168
86681.0,0.3,-0.25,-0.8,0.099177,-0.641348,-0.758292,-0.061879
86691.0,0.31,-0.13,-0.79,0.098562,-0.643072,-0.756741,-0.063932
86701.0,0.25,-0.16,-0.86,0.097339,-0.644352,-0.755794,-0.064127
86711.0,0.19,-0.11,-0.84,0.096143,-0.644833,-0.755715,-0.061983
86721.0,0.14,-0.13,-0.91,0.095503,-0.645245,-0.755778,-0.057775
86731.0,0.12,-0.24,-0.93,0.095754,-0.645998,-0.755494,-0.052405
86741.0,0.14,-0.29,-1.04,0.096469,-0.646811,-0.755066,-0.046955
86752.0,0.29,-0.25,-1.12,0.097125,-0.647526,-0.7546,-0.043073
86761.0,0.35,-0.16,-1.15,0.097586,-0.64848,-0.753808,-0.041515
86771.0,0.44,-0.1,-1.16,0.097803,-0.650047,-0.752409,-0.041893
86781.0,0.43,-0.13,-1.15,0.097866,-0.652422,-0.75025,-0.0435
86791.0,0.43,-0.23,-1.05,0.097485,-0.655467,-0.747519,-0.045557
86801.0,0.32,-0.38,-1.26,0.094956,-0.658954,-0.744714,-0.046515
86811.0,0.39,-0.33,-1.24,0.090656,-0.662869,-0.741728,-0.047187
86822.0,0.39,-0.31,-1.2,0.085786,-0.666757,-0.738787,-0.047643
86831.0,0.46,-0.28,-1.21,0.081695,-0.670191,-0.736177,-0.047048
86841.0,0.46,-0.26,-1.16,0.079741,-0.672637,-0.734299,-0.044798
86852.0,0.51,-0.3,-1.08,0.080811,-0.673177,-0.733891,-0.041306
86861.0,0.53,-0.39,-1.08,0.083531,-0.672191,-0.734713,-0.037129
86871.0,0.49,-0.44,-1.11,0.086012,-0.670484,-0.736161,-0.033478
86881.0,0.47,-0.35,-1.1,0.086805,-0.668888,-0.737621,-0.031125
86891.0,0.36,-0.3,-1.16,0.085307,-0.667925,-0.738689,-0.030621
86902.0,0.43,-0.09,-1.06,0.082089,-0.667731,-0.739167,-0.032078
86911.0,0.42,0.05,-0.95,0.078549,-0.667687,-0.739503,-0.03406
86921.0,0.55,0.19,-0.86,0.076043,-0.667234,-0.740135,-0.034883
86932.0,0.64,0.16,-0.89,0.075722,-0.66616,-0.741198,-0.03351
86941.0,0.66,0.04,-0.99,0.077189,-0.664705,-0.742512,-0.029755
86951.0,0.6,-0.13,-1.09,0.079288,-0.6636,-0.74345,-0.025118
86961.0,0.55,-0.2,-1.14,0.08057,-0.663552,-0.743467,-0.021522
86971.0,0.48,-0.25,-1.17,0.080369,-0.664664,-0.742538,-0.019998
86982.0,0.41,-0.23,-1.17,0.078995,-0.666479,-0.741037,-0.020739
86991.0,0.41,-0.14,-1.11,0.077573,-0.668275,-0.739493,-0.023242
87002.0,0.42,-0.07,-1.03,0.077241,-0.669428,-0.738384,-0.02626
87011.0,0.41,-0.0,-0.95,0.078394,-0.669608,-0.738026,-0.028217
87022.0,0.4,0.01,-0.87,0.080858,-0.668882,-0.738414,-0.02836
87031.0,0.39,0.02,-0.87,0.084197,-0.667449,-0.739398,-0.026704
87041.0,0.32,-0.02,-0.84,0.088003,-0.665674,-0.740649,-0.023936
87051.0,0.25,-0.1,-0.88,0.091907,-0.664001,-0.741758,-0.021248
87061.0,0.22,-0.12,-0.93,0.095484,-0.662743,-0.742467,-0.019931
87072.0,0.2,-0.14,-0.91,0.098092,-0.662203,-0.742594,-0.020474
87081.0,0.19,-0.09,-0.92,0.099035,-0.662599,-0.74206,-0.022387
87092.0,0.2,-0.06,-0.92,0.098518,-0.663678,-0.741084,-0.024899
87101.0,0.18,-0.04,-0.91,0.097143,-0.664988,-0.740011,-0.027158
87112.0,0.21,-0.02,-0.92,0.095937,-0.666131,-0.739076,-0.028864
87121.0,0.21,-0.03,-0.95,0.095227,-0.666918,-0.738433,-0.029479
87132.0,0.2,-0.05,-0.98,0.095224,-0.667432,-0.737991,-0.028926
87141.0,0.15,-0.11,-1.03,0.095553,-0.667821,-0.737657,-0.027331
87152.0,0.1,-0.17,-1.11,0.095958,-0.668304,-0.737236,-0.02538
87161.0,0.05,-0.22,-1.16,0.096319,-0.668999,-0.736611,-0.023833
87171.0,0.05,-0.23,-1.12,0.096611,-0.669938,-0.735734,-0.023353
87181.0,0.06,-0.23,-1.11,0.096402,-0.671064,-0.734723,-0.023699
87192.0,0.04,-0.2,-1.08,0.095857,-0.67233,-0.733608,-0.024541
87201.0,0.07,-0.21,-1.05,0.095574,-0.673544,-0.732499,-0.025482
87211.0,0.09,-0.21,-1.02,0.095775,-0.67455,-0.731518,-0.026287
87221.0,0.12,-0.19,-0.98,0.09647,-0.675364,-0.730649,-0.026997
87231.0,0.1,-0.2,-0.94,0.097407,-0.676064,-0.729871,-0.027146
87241.0,0.08,-0.22,-0.91,0.098594,-0.676629,-0.729208,-0.026601
87251.0,0.05,-0.24,-0.88,0.100153,-0.67702,-0.728668,-0.025616
87261.0,0.04,-0.26,-0.87,0.102038,-0.67713,-0.728345,-0.02444
87271.0,0.04,-0.29,-0.85,0.103983,-0.677029,-0.728195,-0.023457
87282.0,0.07,-0.26,-0.87,0.105555,-0.676861,-0.728147,-0.022779
87291.0,0.14,-0.22,-0.9,0.106518,-0.676798,-0.728078,-0.022379
87301.0,0.18,-0.18,-0.95,0.106971,-0.676883,-0.727942,-0.022088
87312.0,0.21,-0.18,-0.98,0.107179,-0.677075,-0.727748,-0.021568
87321.0,0.2,-0.15,-1.02,0.10725,-0.67743,-0.727434,-0.020635
87332.0,0.19,-0.15,-1.03,0.107376,-0.677864,-0.727046,-0.019374
87341.0,0.19,-0.17,-1.01,0.107962,-0.67815,-0.726726,-0.018089
87352.0,0.2,-0.16,-0.98,0.109132,-0.678115,-0.72661,-0.016958
87361.0,0.19,-0.17,-0.96,0.110648,-0.677791,-0.726707,-0.015916
87372.0,0.19,-0.18,-0.96,0.112105,-0.677338,-0.726929,-0.014832
87381.0,0.19,-0.19,-0.96,0.113243,-0.676918,-0.727167,-0.013654
87392.0,0.17,-0.2,-0.95,0.113963,-0.676625,-0.727345,-0.01263
87401.0,0.17,-0.2,-0.97,0.114237,-0.676518,-0.727413,-0.011981
87411.0,0.15,-0.2,-0.98,0.11411,-0.676568,-0.727391,-0.011673
87422.0,0.15,-0.19,-0.98,0.113665,-0.676829,-0.727221,-0.011535
87431.0,0.14,-0.2,-0.98,0.113004,-0.67726,-0.726924,-0.011445
87442.0,0.12,-0.2,-0.98,0.112247,-0.677786,-0.726552,-0.011354
87451.0,0.13,-0.18,-0.95,0.111635,-0.678266,-0.7262,-0.011294
87461.0,0.14,-0.19,-0.94,0.111398,-0.67854,-0.725983,-0.011081
87472.0,0.13,-0.2,-0.95,0.111636,-0.67854,-0.725955,-0.010518
87481.0,0.14,-0.22,-1.0,0.112136,-0.678365,-0.726053,-0.009638
87491.0,0.11,-0.23,-1.03,0.112544,-0.678204,-0.726153,-0.008658
87502.0,0.11,-0.21,-1.02,0.112801,-0.678305,-0.726027,-0.007952
87511.0,0.12,-0.2,-1.03,0.113002,-0.678503,-0.725816,-0.007447
87522.0,0.12,-0.23,-1.0,0.113319,-0.678712,-0.725575,-0.007069
87531.0,0.14,-0.25,-1.0,0.113708,-0.678886,-0.725355,-0.006634
87542.0,0.13,-0.26,-1.0,0.114078,-0.679027,-0.72517,-0.006109
87552.0,0.13,-0.25,-1.0,0.114392,-0.679146,-0.725013,-0.005684
87561.0,0.13,-0.24,-1.01,0.114703,-0.679237,-0.72488,-0.005401
87572.0,0.13,-0.21,-1.0,0.115007,-0.679274,-0.724799,-0.005211
87582.0,0.12,-0.2,-1.0,0.115301,-0.679256,-0.72477,-0.004998
87592.0,0.13,-0.2,-1.0,0.115602,-0.67922,-0.724759,-0.00459
87601.0,0.14,-0.2,-0.99,0.115939,-0.679179,-0.724747,-0.004021
87612.0,0.13,-0.2,-1.0,0.1164,-0.679115,-0.724736,-0.00335
87621.0,0.15,-0.22,-0.97,0.117025,-0.679053,-0.724697,-0.002764
87632.0,0.15,-0.22,-0.95,0.117694,-0.678995,-0.724643,-0.002417
87642.0,0.15,-0.21,-0.95,0.118337,-0.679008,-0.724526,-0.002451
87651.0,0.15,-0.2,-0.94,0.11884,-0.67907,-0.724385,-0.002754
87662.0,0.15,-0.2,-0.96,0.119186,-0.6792,-0.724204,-0.003192
87671.0,0.15,-0.19,-0.95,0.119403,-0.679442,-0.72394,-0.003542
87681.0,0.17,-0.19,-0.94,0.119631,-0.679782,-0.723583,-0.00368
87692.0,0.17,-0.23,-0.96,0.119942,-0.680185,-0.723153,-0.003519
87701.0,0.17,-0.25,-0.95,0.120357,-0.680584,-0.72271,-0.003143
87712.0,0.15,-0.25,-0.97,0.120775,-0.680964,-0.722283,-0.002794
87722.0,0.13,-0.25,-0.95,0.121116,-0.681337,-0.721876,-0.00261
87731.0,0.12,-0.23,-0.95,0.121486,-0.681657,-0.721511,-0.00262
87742.0,0.14,-0.2,-0.95,0.121943,-0.681898,-0.721206,-0.002658
87752.0,0.12,-0.21,-0.95,0.122397,-0.682082,-0.720955,-0.002583
87761.0,0.14,-0.22,-0.95,0.1227,-0.68226,-0.720736,-0.002308
87772.0,0.15,-0.23,-0.97,0.122823,-0.682486,-0.720502,-0.002001
87782.0,0.19,-0.23,-0.96,0.122822,-0.682777,-0.720227,-0.001798
87791.0,0.2,-0.24,-0.95,0.122806,-0.683102,-0.719922,-0.001647
87802.0,0.19,-0.25,-0.96,0.122766,-0.683449,-0.7196,-0.001435
87812.0,0.17,-0.25,-0.97,0.122703,-0.683822,-0.719256,-0.001225
87821.0,0.15,-0.25,-0.98,0.122608,-0.68422,-0.718894,-0.001162
87832.0,0.14,-0.24,-0.97,0.122463,-0.684599,-0.718557,-0.001305
87842.0,0.14,-0.24,-0.99,0.122208,-0.684951,-0.718265,-0.001516
87851.0,0.14,-0.21,-0.99,0.12186,-0.685239,-0.718049,-0.001684
87861.0,0.13,-0.23,-1.02,0.121477,-0.685455,-0.717908,-0.001743
87872.0,0.14,-0.23,-1.02,0.12117,-0.685613,-0.717809,-0.001751
87882.0,0.13,-0.23,-1.02,0.120997,-0.685733,-0.717724,-0.001756
87891.0,0.13,-0.23,-1.03,0.120925,-0.685839,-0.717634,-0.001908
87902.0,0.13,-0.21,-1.02,0.120894,-0.685953,-0.717529,-0.002289
87911.0,0.12,-0.19,-1.02,0.120927,-0.686061,-0.717419,-0.002767
87922.0,0.13,-0.19,-1.0,0.121128,-0.686123,-0.717323,-0.003214
87932.0,0.13,-0.21,-0.95,0.121492,-0.686091,-0.717291,-0.00349
87941.0,0.15,-0.21,-0.95,0.121892,-0.686032,-0.717279,-0.003646
87952.0,0.15,-0.22,-0.94,0.122289,-0.685998,-0.717243,-0.003774
87962.0,0.18,-0.23,-0.91,0.122573,-0.68603,-0.717162,-0.003995
87971.0,0.19,-0.22,-0.92,0.122737,-0.686114,-0.717052,-0.004394
87982.0,0.19,-0.2,-0.93,0.122681,-0.686276,-0.716903,-0.004872
87992.0,0.18,-0.2,-0.92,0.122405,-0.686594,-0.716643,-0.005286
88001.0,0.16,-0.2,-0.94,0.122042,-0.687043,-0.716273,-0.005579
88012.0,0.14,-0.22,-0.95,0.121666,-0.687531,-0.715865,-0.005919
88022.0,0.15,-0.21,-0.94,0.121388,-0.687978,-0.71548,-0.006319
88031.0,0.14,-0.23,-0.94,0.121286,-0.688328,-0.715158,-0.006582
88042.0,0.15,-0.25,-0.95,0.121368,-0.688571,-0.71491,-0.006661
88052.0,0.14,-0.26,-0.95,0.121519,-0.688752,-0.71471,-0.006679
88061.0,0.15,-0.26,-0.95,0.121657,-0.688921,-0.714522,-0.006773
88072.0,0.16,-0.26,-0.96,0.121744,-0.689078,-0.714354,-0.006948
88082.0,0.15,-0.26,-0.97,0.121758,-0.689244,-0.714189,-0.007181
88092.0,0.16,-0.25,-0.96,0.121713,-0.689411,-0.714033,-0.007462
88102.0,0.15,-0.25,-0.96,0.121678,-0.68955,-0.713902,-0.007728
88111.0,0.16,-0.26,-0.97,0.121666,-0.689629,-0.713826,-0.007899
88122.0,0.15,-0.26,-0.96,0.121694,-0.689614,-0.713834,-0.007981
88132.0,0.16,-0.25,-0.94,0.121752,-0.689475,-0.713958,-0.007987
88141.0,0.16,-0.23,-0.94,0.121841,-0.689248,-0.714164,-0.007917
88151.0,0.12,-0.22,-0.96,0.121934,-0.688987,-0.714402,-0.007744
88162.0,0.13,-0.21,-0.95,0.121963,-0.688747,-0.71463,-0.007509
88172.0,0.11,-0.2,-0.95,0.121914,-0.688546,-0.714835,-0.007227
88182.0,0.1,-0.18,-0.97,0.121863,-0.688353,-0.715033,-0.006896
88192.0,0.12,-0.2,-0.98,0.121854,-0.688187,-0.715197,-0.006597
88201.0,0.1,-0.21,-1.0,0.121791,-0.688063,-0.715328,-0.006397
88212.0,0.12,-0.22,-1.0,0.121628,-0.688007,-0.715411,-0.006355
88222.0,0.13,-0.22,-1.0,0.121377,-0.688026,-0.715433,-0.006513
88231.0,0.13,-0.23,-0.98,0.121117,-0.688067,-0.715436,-0.006772
88242.0,0.13,-0.22,-0.96,0.120878,-0.688129,-0.715415,-0.00697
88252.0,0.13,-0.23,-0.98,0.120718,-0.688182,-0.715391,-0.007005
88261.0,0.13,-0.23,-0.95,0.120648,-0.688192,-0.715394,-0.00688
88272.0,0.15,-0.22,-0.99,0.120681,-0.688134,-0.715445,-0.006713
88282.0,0.16,-0.2,-0.94,0.120822,-0.688049,-0.715505,-0.006606
88292.0,0.15,-0.2,-0.95,0.120898,-0.687958,-0.715581,-0.006426
88301.0,0.16,-0.21,-0.94,0.121022,-0.687897,-0.715619,-0.006291
88312.0,0.15,-0.21,-0.93,0.121156,-0.687829,-0.715664,-0.006097
88322.0,0.17,-0.21,-0.95,0.121256,-0.687787,-0.71569,-0.005886
88332.0,0.15,-0.23,-0.94,0.12122,-0.687839,-0.715648,-0.005647
88342.0,0.15,-0.24,-0.97,0.121004,-0.687975,-0.715555,-0.005485
88352.0,0.15,-0.24,-0.98,0.120595,-0.688142,-0.715464,-0.005427
88362.0,0.14,-0.23,-1.0,0.120108,-0.688269,-0.715424,-0.005365
88372.0,0.13,-0.23,-1.03,0.119676,-0.688345,-0.715423,-0.005302
88382.0,0.13,-0.22,-1.02,0.119394,-0.688356,-0.71546,-0.005255
88392.0,0.13,-0.21,-1.04,0.119299,-0.688309,-0.715522,-0.005217
88402.0,0.12,-0.22,-1.03,0.119397,-0.688243,-0.715569,-0.005217
88411.0,0.14,-0.22,-1.0,0.11969,-0.688165,-0.715594,-0.005297
88422.0,0.13,-0.22,-1.01,0.120105,-0.688098,-0.715589,-0.005362
88432.0,0.12,-0.22,-1.0,0.120583,-0.688061,-0.715544,-0.005387
88441.0,0.12,-0.24,-0.99,0.121078,-0.688072,-0.71545,-0.005407
88452.0,0.13,-0.24,-0.97,0.121541,-0.688093,-0.71535,-0.005499
88462.0,0.13,-0.26,-0.94,0.121868,-0.68809,-0.715296,-0.005699
88471.0,0.13,-0.26,-0.93,0.122064,-0.688041,-0.715306,-0.006035
88482.0,0.14,-0.25,-0.91,0.122126,-0.687967,-0.715364,-0.006446
88492.0,0.13,-0.25,-0.92,0.122074,-0.687885,-0.715447,-0.006866
88502.0,0.13,-0.24,-0.93,0.12186,-0.687761,-0.7156,-0.007141
88512.0,0.13,-0.24,-0.93,0.121609,-0.687591,-0.715805,-0.007238
88522.0,0.12,-0.21,-0.95,0.12141,-0.687371,-0.71605,-0.007257
88532.0,0.12,-0.21,-0.95,0.121282,-0.687104,-0.716329,-0.007254
88542.0,0.12,-0.19,-0.94,0.121204,-0.686803,-0.716631,-0.007212
88552.0,0.14,-0.18,-0.94,0.121156,-0.68654,-0.716891,-0.007178
88562.0,0.15,-0.17,-0.94,0.121093,-0.686362,-0.717074,-0.007022
88572.0,0.15,-0.18,-0.96,0.121017,-0.68623,-0.717216,-0.006698
88582.0,0.15,-0.19,-0.96,0.120974,-0.686093,-0.717358,-0.006195
88592.0,0.16,-0.19,-0.96,0.12092,-0.685991,-0.71747,-0.005599
88602.0,0.15,-0.2,-0.96,0.120861,-0.685961,-0.717513,-0.005008
88611.0,0.16,-0.2,-0.96,0.12083,-0.685976,-0.717508,-0.00442
88622.0,0.14,-0.21,-0.93,0.120835,-0.685995,-0.717492,-0.003863
88632.0,0.13,-0.22,-0.93,0.12084,-0.686001,-0.717489,-0.003299
88641.0,0.13,-0.22,-0.95,0.120714,-0.685993,-0.71752,-0.002741
88652.0,0.12,-0.22,-0.95,0.120386,-0.685941,-0.717626,-0.00231
88662.0,0.13,-0.22,-1.0,0.119862,-0.685838,-0.717813,-0.001961
88671.0,0.12,-0.21,-1.03,0.119097,-0.685722,-0.718052,-0.001566
88682.0,0.11,-0.22,-1.05,0.11825,-0.685658,-0.718254,-0.001254
88692.0,0.09,-0.23,-1.08,0.117492,-0.68565,-0.718386,-0.001108
88702.0,0.08,-0.25,-1.08,0.116927,-0.685669,-0.71846,-0.001192
88712.0,0.09,-0.24,-1.08,0.116606,-0.685671,-0.718509,-0.0016
88721.0,0.08,-0.23,-1.04,0.116475,-0.685628,-0.71857,-0.002281
88732.0,0.08,-0.22,-1.0,0.116622,-0.685535,-0.718632,-0.003044
88742.0,0.1,-0.21,-0.99,0.117024,-0.685408,-0.718685,-0.003711
88752.0,0.1,-0.22,-0.99,0.117583,-0.685247,-0.718744,-0.004242
88762.0,0.13,-0.22,-0.97,0.118112,-0.685083,-0.718811,-0.004658
88772.0,0.15,-0.22,-0.94,0.118516,-0.684955,-0.718864,-0.00504
88782.0,0.15,-0.21,-0.94,0.118764,-0.684895,-0.718877,-0.005415
88792.0,0.16,-0.22,-0.95,0.118898,-0.684881,-0.718866,-0.00573
88801.0,0.15,-0.23,-0.93,0.118998,-0.684902,-0.718827,-0.006029
88812.0,0.15,-0.22,-0.92,0.119093,-0.684929,-0.718783,-0.006356
88822.0,0.13,-0.23,-0.93,0.1192,-0.684973,-0.71872,-0.006732
88832.0,0.14,-0.24,-0.93,0.119296,-0.685026,-0.718649,-0.007149
88841.0,0.14,-0.22,-0.91,0.119371,-0.685079,-0.718582,-0.007568
88852.0,0.14,-0.23,-0.93,0.119454,-0.685124,-0.718521,-0.007971
88862.0,0.16,-0.22,-0.92,0.119513,-0.685147,-0.718486,-0.008325
88872.0,0.16,-0.22,-0.93,0.119563,-0.68512,-0.7185,-0.008559
88882.0,0.16,-0.22,-0.96,0.119612,-0.685032,-0.718576,-0.008545
88892.0,0.15,-0.21,-0.98,0.119661,-0.684914,-0.718683,-0.008317
88902.0,0.14,-0.21,-0.99,0.119749,-0.684754,-0.718824,-0.007984
88912.0,0.13,-0.2,-0.99,0.119926,-0.684561,-0.718982,-0.007677
88922.0,0.13,-0.19,-0.99,0.120217,-0.68432,-0.719166,-0.007391
88932.0,0.13,-0.18,-0.99,0.120635,-0.684056,-0.71935,-0.007101
88942.0,0.13,-0.18,-1.0,0.121193,-0.683816,-0.719488,-0.006778
88952.0,0.13,-0.19,-0.98,0.121848,-0.683636,-0.719551,-0.00641
88962.0,0.13,-0.2,-0.98,0.122486,-0.683573,-0.719505,-0.006061
88972.0,0.14,-0.21,-0.98,0.122953,-0.683672,-0.719334,-0.005819
88982.0,0.14,-0.22,-0.98,0.123128,-0.683904,-0.719084,-0.00577
88992.0,0.13,-0.23,-0.96,0.123005,-0.68421,-0.718813,-0.005888
89002.0,0.13,-0.24,-0.96,0.122685,-0.684535,-0.718556,-0.00621
89012.0,0.14,-0.22,-0.95,0.122269,-0.684812,-0.718359,-0.006581
89022.0,0.14,-0.23,-0.96,0.121853,-0.684994,-0.718253,-0.006909
89032.0,0.14,-0.22,-0.96,0.12154,-0.685093,-0.718211,-0.007054
89042.0,0.15,-0.23,-0.96,0.121472,-0.685106,-0.71821,-0.00698
89052.0,0.15,-0.25,-0.96,0.121613,-0.685049,-0.718242,-0.006786
89062.0,0.14,-0.24,-0.97,0.121807,-0.684978,-0.718278,-0.006719
89072.0,0.15,-0.23,-0.97,0.121897,-0.684921,-0.718316,-0.006796
89082.0,0.14,-0.23,-0.98,0.121894,-0.684897,-0.718338,-0.006944
89092.0,0.13,-0.22,-0.97,0.121823,-0.684891,-0.718355,-0.007074
89102.0,0.13,-0.22,-0.98,0.121782,-0.684863,-0.718387,-0.007136
89112.0,0.13,-0.2,-0.97,0.121846,-0.684778,-0.718458,-0.00711
89122.0,0.13,-0.2,-0.98,0.122007,-0.684598,-0.718604,-0.007031
89132.0,0.12,-0.18,-0.96,0.122295,-0.68433,-0.718812,-0.006845
89142.0,0.14,-0.18,-0.96,0.122649,-0.684061,-0.71901,-0.00654
89152.0,0.15,-0.18,-0.97,0.123035,-0.683858,-0.719141,-0.006106
89162.0,0.14,-0.19,-0.99,0.123395,-0.683763,-0.719173,-0.005629
89172.0,0.13,-0.22,-0.99,0.123666,-0.683782,-0.719112,-0.005252
89182.0,0.13,-0.22,-0.99,0.123825,-0.683894,-0.718978,-0.005125
89192.0,0.14,-0.23,-0.97,0.12385,-0.684085,-0.718791,-0.005302
89202.0,0.14,-0.22,-0.97,0.123791,-0.684311,-0.718583,-0.005688
89212.0,0.14,-0.23,-0.96,0.12371,-0.684531,-0.718384,-0.006088
89222.0,0.14,-0.23,-0.96,0.123653,-0.68469,-0.71824,-0.006302
89232.0,0.13,-0.25,-0.97,0.123624,-0.684745,-0.718194,-0.006298
89242.0,0.13,-0.25,-0.95,0.12361,-0.684692,-0.718247,-0.006194
89252.0,0.13,-0.25,-0.97,0.12359,-0.684604,-0.718335,-0.006111
89262.0,0.13,-0.24,-0.96,0.123531,-0.684544,-0.718403,-0.006118
89272.0,0.12,-0.24,-0.97,0.123437,-0.684519,-0.718442,-0.006215
89282.0,0.13,-0.23,-0.97,0.123295,-0.68452,-0.718464,-0.006322
89292.0,0.11,-0.23,-0.98,0.123147,-0.684539,-0.71847,-0.006394
89302.0,0.12,-0.22,-1.0,0.123029,-0.684524,-0.718504,-0.006447
89312.0,0.13,-0.22,-0.99,0.122983,-0.684483,-0.718551,-0.006495
89322.0,0.13,-0.21,-0.98,0.123004,-0.684405,-0.718622,-0.006502
89332.0,0.13,-0.22,-0.99,0.123088,-0.684303,-0.718704,-0.006533
89342.0,0.14,-0.21,-0.96,0.123209,-0.684174,-0.718806,-0.006607
89352.0,0.15,-0.21,-0.96,0.123416,-0.684019,-0.718918,-0.006655
89362.0,0.14,-0.21,-0.98,0.123715,-0.683866,-0.719012,-0.0066
89372.0,0.14,-0.22,-0.96,0.12405,-0.683764,-0.719052,-0.006509
89382.0,0.13,-0.23,-0.96,0.124345,-0.683708,-0.719055,-0.006485
89392.0,0.13,-0.23,-0.95,0.124533,-0.683681,-0.719047,-0.006594
89402.0,0.14,-0.22,-0.98,0.124592,-0.68369,-0.719026,-0.006812
89412.0,0.15,-0.22,-0.96,0.12456,-0.683726,-0.718995,-0.007039
89422.0,0.14,-0.22,-0.97,0.124499,-0.683773,-0.718959,-0.007203
89432.0,0.14,-0.22,-0.97,0.124435,-0.683794,-0.71895,-0.007263
89442.0,0.16,-0.22,-0.97,0.124362,-0.683766,-0.718989,-0.007315
89452.0,0.14,-0.19,-0.97,0.124275,-0.683694,-0.719072,-0.007384
89462.0,0.13,-0.2,-0.96,0.124159,-0.683612,-0.719168,-0.007501
89472.0,0.13,-0.2,-0.97,0.124042,-0.683564,-0.719232,-0.007609
89482.0,0.13,-0.2,-0.99,0.123951,-0.683557,-0.719254,-0.007707
89492.0,0.13,-0.21,-0.99,0.123901,-0.683578,-0.719242,-0.007814
89502.0,0.12,-0.21,-1.0,0.123925,-0.683617,-0.7192,-0.007933
89512.0,0.12,-0.23,-0.99,0.124026,-0.683699,-0.719102,-0.008069
89522.0,0.12,-0.22,-0.99,0.124198,-0.683841,-0.718935,-0.008281
89532.0,0.12,-0.21,-0.97,0.124412,-0.684046,-0.7187,-0.008541
89542.0,0.12,-0.22,-0.97,0.124666,-0.684286,-0.718424,-0.008831
89552.0,0.12,-0.22,-0.92,0.124949,-0.684524,-0.718144,-0.009128
89562.0,0.13,-0.22,-0.91,0.125228,-0.684702,-0.717923,-0.00939
89572.0,0.13,-0.23,-0.93,0.125449,-0.684844,-0.717746,-0.009545
89582.0,0.13,-0.23,-0.92,0.125617,-0.684973,-0.717594,-0.00958
89592.0,0.13,-0.23,-0.93,0.125707,-0.685097,-0.71746,-0.009514
89602.0,0.14,-0.22,-0.95,0.125707,-0.68522,-0.717344,-0.00943
89612.0,0.15,-0.2,-0.94,0.12562,-0.685329,-0.717256,-0.009306
89622.0,0.14,-0.2,-0.96,0.12556,-0.685408,-0.717195,-0.009031
89632.0,0.15,-0.2,-0.96,0.125566,-0.685458,-0.717151,-0.008627
89642.0,0.13,-0.2,-1.0,0.125585,-0.685525,-0.717089,-0.008211
89652.0,0.13,-0.2,-1.0,0.125561,-0.685672,-0.716956,-0.007895
89662.0,0.14,-0.2,-1.01,0.125528,-0.6859,-0.716745,-0.007808
89672.0,0.14,-0.2,-0.98,0.125497,-0.686175,-0.716486,-0.007911
89682.0,0.15,-0.21,-0.96,0.125511,-0.68645,-0.716219,-0.007982
89692.0,0.15,-0.23,-0.97,0.125673,-0.686691,-0.71596,-0.007958
89702.0,0.15,-0.24,-0.97,0.12585,-0.686892,-0.715737,-0.007888
89712.0,0.16,-0.24,-0.96,0.125986,-0.687076,-0.715536,-0.007874
89722.0,0.15,-0.25,-0.96,0.126029,-0.687254,-0.715357,-0.007936
89733.0,0.16,-0.23,-0.95,0.126002,-0.687414,-0.715207,-0.008034
89742.0,0.15,-0.23,-0.95,0.12596,-0.687522,-0.715109,-0.008122
89752.0,0.15,-0.22,-0.96,0.125946,-0.687541,-0.715094,-0.008086
89762.0,0.15,-0.21,-0.98,0.125968,-0.687469,-0.715162,-0.007933
89772.0,0.14,-0.22,-0.98,0.126014,-0.687353,-0.715268,-0.007685
89782.0,0.14,-0.21,-0.97,0.126069,-0.687238,-0.71537,-0.007454
89792.0,0.15,-0.21,-0.98,0.126088,-0.687152,-0.715451,-0.007274
89802.0,0.13,-0.21,-0.98,0.126065,-0.687132,-0.715476,-0.007193
89813.0,0.14,-0.2,-0.97,0.125993,-0.68717,-0.715451,-0.007217
89822.0,0.14,-0.2,-0.98,0.12589,-0.687249,-0.715393,-0.007322
89832.0,0.12,-0.2,-0.98,0.125771,-0.687364,-0.715302,-0.007445
89842.0,0.12,-0.21,-0.96,0.125626,-0.687519,-0.715177,-0.007616
89852.0,0.12,-0.21,-0.97,0.12545,-0.687703,-0.715028,-0.007811
89862.0,0.13,-0.2,-0.96,0.125253,-0.687931,-0.714841,-0.007991
89873.0,0.14,-0.19,-0.96,0.12504,-0.688177,-0.714642,-0.008061
89882.0,0.13,-0.2,-0.97,0.124835,-0.688431,-0.714432,-0.008043
89892.0,0.13,-0.21,-0.98,0.124624,-0.688693,-0.714218,-0.007945
89903.0,0.12,-0.22,-0.98,0.124448,-0.68894,-0.714012,-0.007834
89912.0,0.11,-0.22,-0.99,0.124305,-0.689176,-0.713809,-0.007803
89922.0,0.1,-0.21,-0.98,0.12421,-0.689431,-0.713578,-0.00793
89932.0,0.1,-0.22,-0.98,0.124165,-0.689712,-0.713311,-0.00816
89942.0,0.12,-0.22,-0.97,0.124133,-0.690013,-0.713024,-0.008339
89953.0,0.12,-0.21,-0.96,0.124106,-0.690319,-0.712731,-0.008443
89962.0,0.12,-0.22,-0.96,0.124076,-0.690621,-0.712445,-0.008443
89972.0,0.13,-0.22,-0.97,0.124104,-0.690907,-0.712163,-0.008389
89982.0,0.13,-0.21,-0.97,0.124156,-0.691192,-0.711877,-0.008369
89992.0,0.14,-0.23,-0.95,0.124186,-0.691457,-0.711614,-0.008384
90002.0,0.13,-0.22,-0.96,0.124188,-0.691736,-0.711342,-0.008425
90012.0,0.13,-0.22,-0.95,0.124206,-0.692034,-0.711049,-0.008438
90022.0,0.14,-0.23,-0.95,0.124246,-0.692334,-0.710751,-0.008389
90032.0,0.14,-0.22,-0.96,0.124313,-0.692605,-0.710476,-0.008308
90043.0,0.15,-0.22,-0.93,0.124375,-0.692828,-0.710249,-0.008216
90052.0,0.15,-0.24,-0.95,0.124425,-0.692997,-0.710078,-0.007991
90063.0,0.16,-0.26,-0.95,0.124437,-0.693118,-0.709961,-0.007694
90072.0,0.15,-0.26,-0.96,0.124345,-0.693253,-0.709847,-0.00746
90082.0,0.15,-0.26,-0.96,0.124056,-0.693409,-0.709747,-0.007309
90093.0,0.14,-0.24,-0.95,0.123664,-0.693536,-0.709693,-0.00718
90102.0,0.14,-0.24,-0.97,0.123215,-0.693584,-0.709724,-0.007113
90112.0,0.15,-0.23,-0.98,0.122789,-0.69357,-0.709813,-0.006964
90123.0,0.14,-0.24,-1.01,0.12251,-0.693473,-0.709959,-0.006725
90132.0,0.12,-0.23,-1.04,0.122313,-0.693345,-0.710119,-0.006593
90142.0,0.12,-0.23,-1.04,0.122207,-0.69319,-0.710288,-0.006609
90153.0,0.12,-0.23,-1.02,0.122188,-0.693009,-0.710467,-0.006679
90162.0,0.12,-0.23,-1.02,0.122262,-0.692817,-0.710641,-0.006789
90172.0,0.11,-0.23,-1.01,0.122438,-0.692626,-0.710796,-0.006891
90183.0,0.11,-0.22,-0.98,0.122717,-0.692445,-0.710923,-0.006976
90192.0,0.11,-0.23,-0.97,0.123053,-0.692255,-0.71105,-0.007039
90202.0,0.12,-0.22,-0.95,0.123386,-0.69206,-0.711181,-0.007129
90213.0,0.12,-0.21,-0.93,0.123664,-0.691844,-0.711342,-0.007247
90222.0,0.12,-0.21,-0.91,0.12385,-0.691613,-0.711533,-0.007369
90232.0,0.11,-0.21,-0.93,0.123915,-0.691344,-0.711782,-0.007431
90242.0,0.12,-0.2,-0.93,0.123851,-0.69108,-0.712049,-0.007392
90252.0,0.12,-0.2,-0.95,0.123625,-0.690867,-0.712297,-0.007254
90263.0,0.11,-0.21,-0.97,0.123282,-0.690738,-0.712483,-0.007057
90272.0,0.11,-0.2,-0.97,0.122928,-0.690644,-0.712638,-0.006889
90282.0,0.11,-0.21,-0.97,0.122655,-0.690542,-0.712783,-0.006866
90293.0,0.1,-0.2,-0.97,0.12247,-0.690447,-0.712906,-0.006926
90302.0,0.11,-0.21,-0.97,0.122315,-0.690394,-0.712984,-0.006979
90313.0,0.12,-0.2,-0.97,0.12217,-0.690377,-0.713026,-0.007
90322.0,0.11,-0.22,-0.98,0.122014,-0.690386,-0.713043,-0.00702
90332.0,0.12,-0.21,-0.98,0.121866,-0.690394,-0.71306,-0.007016
90343.0,0.11,-0.2,-0.99,0.121733,-0.690414,-0.713065,-0.006988
90352.0,0.11,-0.2,-0.99,0.121597,-0.69044,-0.713063,-0.00697
90362.0,0.12,-0.21,-0.98,0.121494,-0.690482,-0.713039,-0.006978
90372.0,0.11,-0.21,-0.98,0.121485,-0.690504,-0.713019,-0.00702
