232525.0,-0.0,0.03,-1.0,0.002336,0.499758,-0.866062,-0.013146
232535.0,-0.01,0.03,-1.01,0.002566,0.49987,-0.865998,-0.013072
232546.0,0.0,0.03,-0.99,0.002951,0.499862,-0.866003,-0.012942
232555.0,-0.01,0.04,-0.99,0.003407,0.499769,-0.866058,-0.01276
232565.0,-0.0,0.04,-0.98,0.003856,0.499603,-0.866155,-0.012579
232576.0,0.0,0.05,-0.99,0.004265,0.499413,-0.866265,-0.012398
232585.0,-0.01,0.06,-1.03,0.004565,0.499219,-0.866377,-0.012263
232596.0,-0.02,0.05,-1.02,0.004918,0.499062,-0.86647,-0.011998
232605.0,-0.01,0.06,-1.01,0.005356,0.498971,-0.866525,-0.011572
232615.0,-0.0,0.06,-0.99,0.005519,0.499068,-0.866474,-0.011139
232626.0,-0.02,0.04,-0.98,0.005258,0.499178,-0.866416,-0.010839
232635.0,0.01,0.01,-1.0,0.00479,0.499153,-0.866436,-0.010637
232645.0,-0.02,-0.01,-0.98,0.004425,0.498959,-0.866552,-0.010399
232656.0,-0.02,-0.01,-0.95,0.004039,0.498774,-0.866661,-0.010358
232665.0,-0.01,0.02,-1.02,0.003547,0.498576,-0.866775,-0.010537
232675.0,-0.04,0.01,-0.98,0.003298,0.498244,-0.866966,-0.010604
232686.0,-0.05,0.0,-1.01,0.003094,0.497911,-0.867157,-0.010693
232695.0,-0.02,0.05,-1.03,0.002895,0.49774,-0.867255,-0.010718
232706.0,-0.02,0.06,-1.01,0.002845,0.497607,-0.867333,-0.010617
232716.0,-0.04,0.02,-1.02,0.002723,0.497426,-0.867439,-0.010484
232725.0,-0.03,0.01,-1.02,0.00254,0.497279,-0.867526,-0.010313
232736.0,0.01,-0.01,-1.0,0.002439,0.497254,-0.867543,-0.010072
232746.0,0.05,0.01,-0.97,0.002512,0.497315,-0.867512,-0.009771
232755.0,0.04,0.02,-0.97,0.002627,0.497335,-0.867501,-0.009609
232766.0,0.02,0.01,-1.02,0.002577,0.497177,-0.867591,-0.009666
232776.0,-0.0,0.01,-1.05,0.002522,0.496939,-0.867727,-0.009801
232785.0,0.02,0.01,-1.02,0.002692,0.496726,-0.867848,-0.00985
232796.0,0.03,0.03,-1.03,0.003069,0.496598,-0.86792,-0.009778
232806.0,0.06,0.06,-1.02,0.003425,0.49653,-0.86796,-0.009576
232815.0,0.02,0.06,-1.02,0.00362,0.496488,-0.867988,-0.009151
232826.0,-0.01,0.02,-1.02,0.003506,0.496411,-0.868037,-0.00867
232836.0,0.01,-0.01,-1.02,0.003297,0.496539,-0.86797,-0.008097
232845.0,0.02,0.02,-0.99,0.003309,0.497021,-0.8677,-0.00748
232856.0,0.05,0.03,-0.91,0.003323,0.497719,-0.867303,-0.007104
232866.0,0.04,0.04,-0.96,0.003271,0.498301,-0.866969,-0.007158
232875.0,0.04,0.04,-1.04,0.00282,0.498644,-0.866768,-0.007651
232885.0,0.02,-0.01,-1.05,0.002342,0.498721,-0.86672,-0.008207
232896.0,-0.01,-0.04,-0.98,0.002188,0.498742,-0.866705,-0.008547
232905.0,-0.02,0.01,-1.04,0.002069,0.498844,-0.866643,-0.009019
232916.0,0.01,0.03,-1.03,0.002133,0.499106,-0.866488,-0.009378
232926.0,-0.03,0.01,-1.0,0.002394,0.499251,-0.866402,-0.009511
232935.0,-0.0,0.0,-1.0,0.002566,0.499451,-0.866285,-0.009628
232946.0,0.0,0.06,-0.98,0.00289,0.499829,-0.866065,-0.009735
232956.0,-0.01,0.08,-1.02,0.003218,0.500183,-0.865856,-0.010033
232965.0,-0.01,0.07,-1.03,0.003381,0.500359,-0.865749,-0.010439
232976.0,-0.02,0.06,-1.03,0.003434,0.500403,-0.865718,-0.010801
232986.0,-0.0,0.03,-1.01,0.003498,0.500298,-0.865775,-0.011108
232995.0,-0.0,0.01,-1.0,0.003571,0.500062,-0.865908,-0.011363
233006.0,-0.0,-0.02,-1.01,0.003629,0.49977,-0.866072,-0.011641
233016.0,-0.02,-0.04,-1.0,0.00369,0.499456,-0.86625,-0.011883
233026.0,-0.0,-0.03,-1.0,0.003689,0.499308,-0.866332,-0.012124
233036.0,0.01,0.01,-1.0,0.003629,0.499355,-0.866303,-0.012312
233045.0,-0.03,0.02,-1.01,0.003487,0.499421,-0.866262,-0.012529
233056.0,-0.05,-0.01,-1.04,0.003246,0.499414,-0.866264,-0.012758
233065.0,-0.06,-0.02,-1.03,0.003134,0.499526,-0.866196,-0.01294
233076.0,0.04,0.01,-1.0,0.003266,0.49981,-0.866031,-0.013053
233086.0,0.01,0.05,-0.97,0.003552,0.500099,-0.86586,-0.013179
233095.0,-0.02,0.05,-1.01,0.003627,0.50016,-0.865821,-0.013434
233106.0,-0.03,0.01,-1.0,0.003585,0.500058,-0.865878,-0.013579
233116.0,0.0,0.02,-0.97,0.003618,0.499944,-0.865943,-0.013632
233125.0,0.03,0.05,-0.92,0.003675,0.499845,-0.865995,-0.013895
233136.0,-0.01,0.11,-0.95,0.003936,0.499692,-0.86608,-0.014104
233146.0,-0.01,-0.01,-0.92,0.004098,0.499279,-0.86631,-0.014489
233156.0,-0.02,0.07,-1.02,0.004215,0.499076,-0.86642,-0.014909
233166.0,-0.06,0.01,-1.04,0.004428,0.498693,-0.866633,-0.015237
233176.0,-0.07,-0.03,-0.98,0.004722,0.498187,-0.86692,-0.015416
233186.0,-0.04,-0.01,-1.01,0.004939,0.497963,-0.867047,-0.015436
233196.0,0.02,0.1,-0.97,0.0052,0.498184,-0.866921,-0.015275
233205.0,0.01,0.07,-0.92,0.005501,0.498183,-0.866924,-0.015055
233216.0,-0.02,0.05,-0.96,0.005464,0.497921,-0.867074,-0.015102
233226.0,-0.02,0.07,-1.03,0.005241,0.497607,-0.867251,-0.015349
233236.0,-0.02,0.04,-1.02,0.0052,0.497407,-0.867363,-0.015522
233246.0,-0.0,0.09,-1.03,0.005308,0.497484,-0.867319,-0.01546
233256.0,0.02,0.09,-1.03,0.005435,0.49763,-0.86724,-0.015154
233266.0,0.04,0.06,-1.0,0.005515,0.497706,-0.867207,-0.014531
233276.0,0.08,0.02,-0.94,0.005551,0.497833,-0.867149,-0.013537
233286.0,0.03,0.03,-0.95,0.005356,0.498048,-0.86704,-0.012666
233296.0,0.02,0.0,-1.0,0.005034,0.49812,-0.867008,-0.012162
233306.0,0.02,-0.01,-1.01,0.004963,0.498145,-0.866999,-0.011805
233316.0,-0.01,-0.04,-1.02,0.005071,0.498189,-0.866975,-0.011713
233326.0,-0.07,-0.02,-1.08,0.005246,0.498462,-0.866817,-0.011679
233336.0,-0.04,-0.0,-1.08,0.005618,0.499198,-0.866396,-0.011284
233346.0,-0.05,0.0,-1.08,0.006077,0.5005,-0.865653,-0.01039
233356.0,-0.05,0.01,-1.07,0.006476,0.50244,-0.864542,-0.008919
233366.0,-0.06,0.03,-1.06,0.0069,0.504987,-0.863072,-0.00693
233376.0,0.21,-0.02,-0.99,0.007447,0.507917,-0.861362,-0.004593
233386.0,0.27,0.08,-0.87,0.008393,0.510882,-0.859607,-0.002118
233396.0,0.13,0.1,-1.04,0.008819,0.513303,-0.858162,-0.00041
233406.0,0.06,0.05,-1.11,0.008729,0.515071,-0.857102,0.00093
233416.0,0.05,-0.08,-1.03,0.008812,0.516681,-0.856129,0.002538
233426.0,-0.01,-0.09,-1.05,0.008951,0.518742,-0.854874,0.004155
233436.0,-0.11,-0.14,-1.13,0.008955,0.521574,-0.85314,0.005639
233446.0,-0.16,-0.22,-1.19,0.00894,0.525553,-0.85068,0.007524
233456.0,-0.21,-0.22,-1.13,0.009392,0.531049,-0.847229,0.01011
233466.0,-0.12,-0.17,-1.28,0.010265,0.538297,-0.842587,0.013327
233476.0,0.22,-0.05,-1.06,0.012065,0.54717,-0.836753,0.017451
233486.0,0.3,0.03,-0.8,0.014564,0.556508,-0.830422,0.022059
233496.0,0.21,-0.04,-0.86,0.016812,0.564986,-0.824519,0.026029
233506.0,-0.04,-0.15,-1.0,0.018071,0.572711,-0.819039,0.029166
233516.0,-0.12,-0.38,-1.1,0.018634,0.580633,-0.813325,0.031956
233526.0,-0.32,-0.41,-1.2,0.019171,0.590173,-0.806301,0.034737
233536.0,-0.44,-0.39,-1.3,0.01976,0.602237,-0.797161,0.038135
233546.0,-0.47,-0.35,-1.21,0.020862,0.617301,-0.785283,0.042839
233556.0,-0.1,-0.11,-0.94,0.022621,0.635376,-0.770332,0.048735
233566.0,0.18,0.0,-0.77,0.02489,0.655854,-0.752431,0.055525
233576.0,0.35,0.1,-0.59,0.027288,0.675384,-0.734389,0.06152
233586.0,0.45,0.21,-0.75,0.028847,0.69354,-0.716848,0.065577
233596.0,0.33,0.3,-0.9,0.029479,0.710087,-0.700154,0.068501
233606.0,-0.05,-0.02,-1.03,0.02894,0.725288,-0.684151,0.071117
233616.0,-0.23,-0.16,-1.14,0.027287,0.740619,-0.667265,0.074133
233626.0,-0.37,-0.26,-1.03,0.025864,0.757141,-0.64803,0.07826
233637.0,-0.15,-0.28,-0.83,0.025319,0.775198,-0.625654,0.083567
233646.0,0.14,0.02,-0.68,0.026373,0.793928,-0.60089,0.088962
233656.0,0.23,0.32,-0.73,0.028106,0.812334,-0.574901,0.093872
233666.0,0.27,0.53,-0.83,0.028712,0.829712,-0.548753,0.098097
233676.0,0.1,0.48,-0.87,0.027635,0.845465,-0.523436,0.102176
233686.0,0.07,0.23,-0.93,0.024987,0.859481,-0.499432,0.105997
233696.0,-0.08,0.25,-1.01,0.02184,0.872279,-0.47601,0.109847
233707.0,-0.28,-0.08,-1.02,0.018686,0.884097,-0.452845,0.113819
233716.0,-0.02,0.02,-0.94,0.01588,0.895565,-0.428603,0.118369
233726.0,0.27,0.24,-0.85,0.013827,0.906636,-0.403219,0.123429
233737.0,0.55,0.36,-0.77,0.012278,0.916476,-0.378792,0.128207
233746.0,0.65,0.33,-0.87,0.010713,0.924426,-0.357611,0.132043
233756.0,0.52,0.37,-0.87,0.00891,0.930356,-0.3409,0.134704
233766.0,0.46,0.3,-1.11,0.00675,0.934517,-0.328768,0.136178
233776.0,0.32,0.2,-1.12,0.00433,0.93723,-0.320229,0.137962
233787.0,0.17,-0.13,-1.0,0.00201,0.938775,-0.31437,0.140957
233796.0,0.09,-0.62,-0.99,-0.000142,0.939908,-0.309143,0.144926
233807.0,0.18,-0.66,-0.89,-0.001821,0.941524,-0.302414,0.148574
233816.0,0.3,-0.55,-0.68,-0.002499,0.944211,-0.291983,0.152333
233826.0,0.41,-0.37,-0.66,-0.002588,0.947623,-0.279239,0.155013
233837.0,0.45,-0.17,-0.84,-0.002478,0.951504,-0.265515,0.155359
233847.0,0.56,0.16,-1.05,-0.002605,0.95538,-0.252181,0.153776
233856.0,0.48,0.29,-1.11,-0.003011,0.958611,-0.240706,0.152042
233866.0,0.45,0.14,-1.09,-0.004058,0.960738,-0.232875,0.15078
233877.0,0.4,0.01,-1.02,-0.005146,0.961926,-0.228315,0.150146
233886.0,0.33,-0.12,-1.08,-0.005776,0.962442,-0.226317,0.149841
233897.0,0.28,-0.15,-1.09,-0.005171,0.962688,-0.225315,0.149791
233906.0,0.29,0.05,-0.8,-0.004114,0.962779,-0.224619,0.150285
233917.0,0.31,-0.3,-1.02,-0.002864,0.962673,-0.22491,0.150558
233926.0,0.29,-0.27,-0.99,-0.001781,0.962739,-0.224553,0.150689
233937.0,0.35,-0.21,-0.94,-0.000143,0.962997,-0.223403,0.150759
233946.0,0.4,-0.14,-0.93,0.001682,0.963481,-0.221548,0.150394
233957.0,0.39,0.07,-1.04,0.003234,0.964051,-0.219695,0.14943
233966.0,0.38,0.11,-1.04,0.004194,0.9645,-0.218518,0.14823
233977.0,0.22,-0.02,-1.04,0.004387,0.96472,-0.218174,0.147298
233986.0,0.28,-0.09,-1.0,0.004202,0.964796,-0.218317,0.146588
233997.0,0.33,-0.06,-1.0,0.004226,0.964849,-0.218224,0.146377
234006.0,0.29,-0.09,-0.98,0.004758,0.964938,-0.217991,0.146123
234017.0,0.28,-0.09,-0.99,0.005588,0.964967,-0.21802,0.145861
234026.0,0.25,-0.19,-0.98,0.006742,0.964914,-0.218383,0.145616
234037.0,0.28,-0.2,-0.95,0.008273,0.9649,-0.218612,0.145286
234046.0,0.31,-0.15,-0.94,0.010158,0.964982,-0.218433,0.144895
234057.0,0.39,-0.11,-0.91,0.012187,0.965124,-0.218043,0.144377
234066.0,0.38,-0.06,-0.89,0.014257,0.965267,-0.217661,0.143806
234077.0,0.39,-0.06,-0.93,0.016406,0.965346,-0.217697,0.142992
234086.0,0.39,0.1,-0.92,0.018571,0.96541,-0.217855,0.142046
234097.0,0.31,0.06,-0.98,0.020603,0.965401,-0.218477,0.140873
234107.0,0.28,-0.01,-1.01,0.022489,0.965288,-0.219573,0.139645
234117.0,0.3,0.03,-0.99,0.024384,0.965101,-0.220845,0.138608
234126.0,0.28,0.1,-1.04,0.026273,0.964861,-0.222122,0.137894
234137.0,0.25,0.09,-1.03,0.027912,0.964486,-0.223756,0.13755
234146.0,0.24,-0.04,-1.0,0.029141,0.963985,-0.225787,0.137488
234157.0,0.28,-0.08,-0.92,0.030206,0.963477,-0.227682,0.1377
234166.0,0.35,0.02,-0.91,0.031524,0.963089,-0.229073,0.137811
234177.0,0.37,0.06,-0.94,0.033102,0.962825,-0.230093,0.137586
234186.0,0.36,0.03,-0.88,0.034581,0.962609,-0.231074,0.137087
234197.0,0.38,0.05,-0.96,0.03601,0.962515,-0.23187,0.136031
234206.0,0.33,0.1,-0.99,0.037228,0.962559,-0.232256,0.134728
234217.0,0.33,0.08,-0.95,0.038034,0.962612,-0.232572,0.133575
234226.0,0.29,0.02,-0.95,0.038521,0.962678,-0.232948,0.132295
234237.0,0.27,0.02,-1.01,0.038947,0.962735,-0.233476,0.130816
234247.0,0.26,0.04,-1.02,0.039462,0.962695,-0.234227,0.129608
234257.0,0.25,0.06,-1.01,0.040039,0.962484,-0.235344,0.128975
234266.0,0.25,0.03,-0.98,0.040536,0.962097,-0.236933,0.128802
234277.0,0.22,-0.02,-0.98,0.040881,0.961617,-0.238832,0.128767
234286.0,0.22,-0.04,-0.96,0.041102,0.961159,-0.240631,0.128768
234297.0,0.26,0.01,-0.97,0.04128,0.960855,-0.241792,0.128805
234307.0,0.27,0.06,-0.97,0.041219,0.960756,-0.242183,0.128829
234316.0,0.25,-0.01,-0.92,0.040747,0.9608,-0.242058,0.128884
234327.0,0.26,-0.11,-0.92,0.0401,0.960934,-0.241688,0.128779
234337.0,0.28,-0.08,-0.95,0.039724,0.961203,-0.240875,0.12841
234347.0,0.3,-0.01,-0.96,0.039804,0.961558,-0.239715,0.127902
234357.0,0.32,0.0,-0.97,0.040222,0.961873,-0.238614,0.127459
234367.0,0.31,0.04,-0.94,0.040828,0.962057,-0.237935,0.127144
234377.0,0.29,0.06,-0.99,0.041503,0.962141,-0.237669,0.126792
234387.0,0.32,0.13,-0.99,0.042016,0.96215,-0.237696,0.126498
234397.0,0.29,0.08,-0.97,0.04213,0.962104,-0.237935,0.126364
234407.0,0.27,0.03,-0.97,0.041864,0.962043,-0.238337,0.126156
234417.0,0.29,-0.02,-0.95,0.041579,0.961957,-0.238861,0.125921
234427.0,0.29,-0.02,-0.96,0.041387,0.961882,-0.239337,0.125651
234437.0,0.29,-0.05,-0.95,0.041307,0.961859,-0.239641,0.12527
234447.0,0.31,-0.07,-0.93,0.041257,0.961889,-0.239716,0.124916
234457.0,0.29,-0.04,-0.93,0.04131,0.961992,-0.23951,0.124498
234467.0,0.27,0.02,-0.97,0.041514,0.962169,-0.239104,0.123845
234477.0,0.28,0.06,-1.01,0.041738,0.96238,-0.238612,0.123077
234487.0,0.27,0.07,-0.99,0.041909,0.962566,-0.238124,0.1225
234497.0,0.28,0.06,-1.02,0.042009,0.96269,-0.237853,0.122022
234507.0,0.3,0.05,-1.01,0.04207,0.962721,-0.237888,0.121686
234517.0,0.27,0.02,-0.97,0.042081,0.962668,-0.238204,0.121484
234527.0,0.27,0.03,-0.97,0.041997,0.962602,-0.238611,0.121238
234537.0,0.25,0.01,-0.97,0.041771,0.962557,-0.238927,0.121049
234547.0,0.22,-0.05,-0.94,0.0414,0.962552,-0.239088,0.120897
234557.0,0.23,0.01,-0.96,0.041027,0.962638,-0.23897,0.120576
234567.0,0.23,-0.02,-0.93,0.040725,0.962809,-0.238559,0.120125
234577.0,0.25,-0.02,-0.96,0.040483,0.963046,-0.237928,0.119557
234587.0,0.27,0.04,-1.01,0.04044,0.963342,-0.237037,0.118955
234597.0,0.28,0.08,-0.96,0.040519,0.963616,-0.236149,0.118478
234607.0,0.26,0.04,-0.97,0.040602,0.963794,-0.235624,0.118043
234617.0,0.25,0.02,-0.98,0.040685,0.963877,-0.235492,0.117598
234627.0,0.27,0.03,-0.97,0.040919,0.963915,-0.235482,0.11723
234637.0,0.27,0.07,-0.99,0.04128,0.963902,-0.235637,0.116896
234647.0,0.27,0.12,-1.01,0.041641,0.963828,-0.236016,0.116614
234657.0,0.26,0.12,-1.05,0.041804,0.963665,-0.236672,0.116574
234667.0,0.26,0.1,-1.01,0.041694,0.963366,-0.237654,0.117079
234677.0,0.22,-0.03,-0.9,0.041332,0.962984,-0.238806,0.118007
234687.0,0.23,-0.13,-0.93,0.040824,0.962715,-0.239661,0.118639
234697.0,0.28,-0.09,-0.95,0.040532,0.962698,-0.23967,0.11886
234707.0,0.27,-0.03,-0.92,0.04064,0.962889,-0.238894,0.118843
234717.0,0.27,0.04,-0.98,0.040949,0.963179,-0.237796,0.118589
234727.0,0.29,0.05,-0.98,0.04127,0.96345,-0.236821,0.11822
234737.0,0.31,0.08,-0.97,0.041524,0.96366,-0.236141,0.117786
234747.0,0.27,0.07,-1.03,0.041749,0.963775,-0.235853,0.117341
234757.0,0.25,0.03,-1.03,0.041935,0.963768,-0.235946,0.117139
234767.0,0.3,0.08,-1.02,0.042148,0.963685,-0.236195,0.117247
234777.0,0.29,0.05,-1.01,0.042262,0.963507,-0.23672,0.117608
234787.0,0.26,0.03,-0.99,0.042137,0.96325,-0.237456,0.118274
234797.0,0.27,0.03,-1.02,0.041851,0.962963,-0.23825,0.119114
234807.0,0.24,0.02,-1.0,0.041482,0.962647,-0.238983,0.120319
234817.0,0.21,-0.08,-0.93,0.041123,0.962289,-0.239692,0.121885
234827.0,0.22,-0.12,-0.94,0.040887,0.962011,-0.240066,0.123417
234837.0,0.25,-0.09,-0.99,0.041001,0.961888,-0.239787,0.124873
234847.0,0.27,-0.01,-1.0,0.041524,0.961872,-0.238952,0.12641
234857.0,0.28,0.05,-1.04,0.042215,0.961838,-0.238085,0.128069
234867.0,0.23,0.04,-1.06,0.042826,0.961662,-0.237548,0.130162
234877.0,0.26,0.03,-1.06,0.043376,0.961345,-0.237217,0.1329
234887.0,0.34,0.07,-1.04,0.044002,0.960936,-0.236679,0.13656
234897.0,0.4,0.08,-1.01,0.044766,0.960365,-0.236207,0.14107
234907.0,0.35,0.06,-1.01,0.045543,0.959603,-0.236129,0.146052
234917.0,0.36,-0.02,-1.04,0.046407,0.958611,-0.236616,0.151404
234927.0,0.49,-0.04,-0.79,0.047394,0.957412,-0.237363,0.157398
234937.0,0.4,0.02,-0.91,0.048139,0.956353,-0.237985,0.16259
234947.0,0.35,0.02,-1.06,0.04838,0.955559,-0.238361,0.166584
234957.0,0.26,-0.07,-1.02,0.048194,0.954792,-0.238496,0.17079
234967.0,0.3,-0.11,-0.99,0.047937,0.954039,-0.238084,0.17558
234977.0,0.48,-0.02,-0.99,0.047995,0.953375,-0.237006,0.180557
234987.0,0.26,-0.43,-0.9,0.048914,0.952137,-0.237109,0.186605
234997.0,0.34,-0.01,-0.97,0.050331,0.950646,-0.237716,0.19295
235007.0,0.68,0.02,-1.16,0.052807,0.949128,-0.237349,0.200082
235018.0,0.6,0.2,-0.94,0.055512,0.946924,-0.237438,0.209469
235027.0,0.54,0.05,-0.95,0.057683,0.944181,-0.238428,0.219879
235038.0,0.49,-0.07,-1.09,0.059064,0.941086,-0.240063,0.230733
235047.0,0.37,-0.0,-1.1,0.060088,0.937641,-0.24109,0.243093
235057.0,0.37,-0.06,-1.19,0.060985,0.933721,-0.241485,0.25716
235067.0,0.43,-0.01,-1.13,0.061801,0.929072,-0.241113,0.273623
235077.0,0.46,-0.04,-0.96,0.062903,0.923444,-0.239868,0.292843
235088.0,0.52,-0.03,-0.81,0.064117,0.917015,-0.238013,0.313563
235097.0,0.58,0.03,-0.66,0.065352,0.910228,-0.235215,0.334497
235107.0,0.72,0.08,-0.52,0.067211,0.903415,-0.232056,0.354222
235118.0,0.86,0.18,-0.36,0.069508,0.896737,-0.229057,0.372243
235127.0,0.79,0.13,-0.39,0.071938,0.890511,-0.227013,0.387661
235138.0,0.66,0.11,-0.53,0.074218,0.884953,-0.225973,0.400358
235147.0,0.6,-0.01,-0.75,0.07675,0.879759,-0.22591,0.411216
235157.0,0.45,-0.06,-0.99,0.079464,0.874359,-0.226171,0.421935
235167.0,0.47,-0.09,-1.09,0.082098,0.867886,-0.225822,0.434786
235177.0,0.41,-0.07,-1.1,0.084177,0.85948,-0.223842,0.451777
235188.0,0.4,0.09,-0.84,0.086176,0.848306,-0.21959,0.474059
235197.0,0.53,0.17,-0.21,0.089211,0.833521,-0.21327,0.501797
235207.0,0.59,0.11,0.14,0.092572,0.816688,-0.206773,0.53075
235217.0,0.66,-0.04,-0.08,0.097585,0.800636,-0.203055,0.555183
235227.0,0.61,-0.09,-0.44,0.105068,0.785574,-0.203212,0.574926
235238.0,0.56,-0.42,-0.37,0.113242,0.770293,-0.206442,0.592627
235247.0,0.55,-0.41,-0.12,0.121327,0.754374,-0.209604,0.610136
235257.0,0.42,-0.35,0.02,0.129369,0.73907,-0.21189,0.626212
235268.0,0.47,-0.24,-0.05,0.136631,0.725922,-0.21326,0.639445
235277.0,0.6,-0.29,0.05,0.142871,0.714672,-0.213382,0.650615
235287.0,0.63,-0.24,0.02,0.147637,0.705381,-0.211893,0.660107
235298.0,0.69,-0.16,-0.08,0.151326,0.697684,-0.208347,0.668528
235307.0,0.81,-0.06,-0.08,0.154404,0.690291,-0.20293,0.677109
235317.0,0.96,0.0,0.17,0.157684,0.68166,-0.196787,0.68684
235328.0,0.94,0.2,-0.07,0.16175,0.671924,-0.19127,0.696973
235337.0,1.0,0.14,-0.0,0.167249,0.661057,-0.187955,0.706898
235347.0,1.15,0.03,0.02,0.174991,0.648409,-0.187656,0.716749
235358.0,1.21,0.09,0.31,0.184285,0.633866,-0.189606,0.726845
235368.0,1.18,0.03,0.25,0.194088,0.618644,-0.193866,0.736224
235377.0,1.19,0.01,0.16,0.202488,0.604295,-0.198918,0.744485
235388.0,1.21,-0.09,0.33,0.208873,0.59072,-0.202515,0.752602
235397.0,1.23,-0.15,0.68,0.21297,0.578244,-0.202918,0.760988
235407.0,1.23,-0.16,0.91,0.214367,0.568932,-0.200118,0.76832
235418.0,1.18,-0.27,0.75,0.213442,0.564163,-0.194701,0.773469
235427.0,1.26,-0.22,0.74,0.211086,0.563008,-0.186965,0.776859
235438.0,1.15,-0.09,0.9,0.208667,0.563492,-0.177132,0.779461
235447.0,1.29,-0.17,0.98,0.20649,0.564682,-0.167325,0.781344
235458.0,1.27,0.04,0.67,0.204948,0.566468,-0.158468,0.782303
235467.0,1.26,-0.05,0.62,0.204027,0.568313,-0.151595,0.782568
235478.0,1.23,0.09,0.48,0.204249,0.569357,-0.146238,0.78277
235488.0,1.16,0.12,0.47,0.205405,0.569524,-0.142372,0.783059
235497.0,1.15,0.11,0.39,0.206399,0.569618,-0.139971,0.783162
235508.0,1.12,0.14,0.4,0.2064,0.57036,-0.138054,0.782962
235517.0,1.07,0.06,0.37,0.205311,0.571931,-0.136471,0.78238
235528.0,1.08,0.13,0.36,0.20349,0.57447,-0.134587,0.781321
235537.0,1.01,0.05,0.29,0.200829,0.577955,-0.132939,0.77972
235548.0,0.97,0.04,0.27,0.197686,0.581962,-0.131662,0.777757
235558.0,0.94,0.01,0.22,0.194644,0.586123,-0.130726,0.775554
235568.0,0.92,0.03,0.21,0.192107,0.589924,-0.13036,0.773363
235578.0,0.94,0.1,0.21,0.190215,0.59301,-0.130753,0.771402
235588.0,0.97,0.14,0.19,0.188976,0.595433,-0.132018,0.769622
235598.0,0.92,0.06,0.08,0.187728,0.5974,-0.134048,0.768051
235608.0,0.91,0.0,0.05,0.186119,0.598909,-0.13628,0.766874
235618.0,0.86,-0.0,0.01,0.184328,0.600029,-0.137971,0.766128
235627.0,0.91,-0.06,0.09,0.182319,0.600797,-0.138831,0.765852
235638.0,0.95,0.01,0.21,0.180289,0.601177,-0.138807,0.766038
235647.0,0.9,-0.07,0.22,0.178172,0.60153,-0.138635,0.766288
235658.0,0.88,-0.16,0.22,0.175943,0.602118,-0.138689,0.766331
235667.0,0.89,-0.14,0.23,0.174027,0.602768,-0.138938,0.766213
235678.0,0.91,-0.14,0.33,0.172775,0.603266,-0.139539,0.765994
235688.0,0.9,-0.11,0.22,0.172144,0.603828,-0.140852,0.765453
235698.0,0.96,-0.1,0.15,0.171825,0.604663,-0.142705,0.764522
235708.0,1.0,-0.05,0.25,0.171824,0.605024,-0.144512,0.763897
235718.0,1.01,-0.03,0.27,0.171974,0.605002,-0.146033,0.763592
235728.0,0.98,-0.04,0.24,0.171997,0.605037,-0.147482,0.76328
235738.0,0.97,-0.09,0.24,0.171782,0.605085,-0.148957,0.763003
235748.0,0.98,-0.05,0.25,0.171677,0.605201,-0.150169,0.762698
235758.0,0.97,-0.07,0.22,0.171747,0.605244,-0.151213,0.762442
235768.0,0.96,-0.13,0.21,0.171933,0.605099,-0.15208,0.762343
235777.0,1.03,-0.05,0.23,0.172457,0.604823,-0.152581,0.762343
235788.0,1.07,0.02,0.29,0.173196,0.604453,-0.152741,0.762437
235797.0,1.07,0.03,0.26,0.173722,0.604241,-0.153008,0.762432
235808.0,1.1,0.01,0.31,0.173944,0.604055,-0.153446,0.762441
235818.0,1.02,-0.08,0.29,0.173917,0.603795,-0.154332,0.762473
235828.0,1.0,-0.09,0.28,0.173748,0.603852,-0.155607,0.762208
235838.0,1.0,-0.09,0.26,0.173675,0.604077,-0.156978,0.761765
235848.0,0.95,-0.14,0.21,0.173697,0.604415,-0.15832,0.761214
235858.0,0.95,-0.14,0.16,0.173725,0.604954,-0.159405,0.760553
235868.0,1.02,-0.05,0.19,0.17394,0.605611,-0.159718,0.759915
235878.0,1.01,-0.01,0.2,0.174143,0.60624,-0.159467,0.75942
235888.0,0.99,-0.05,0.2,0.173848,0.607088,-0.158952,0.758917
235898.0,1.0,-0.04,0.21,0.173073,0.608259,-0.158148,0.758325
235908.0,0.99,-0.02,0.2,0.172135,0.609713,-0.157098,0.757588
235918.0,0.96,-0.06,0.14,0.171136,0.611344,-0.156086,0.756709
235928.0,0.96,-0.06,0.1,0.170259,0.612919,-0.155148,0.755825
235938.0,1.02,0.01,0.13,0.169835,0.61413,-0.154099,0.755152
235948.0,1.04,0.05,0.16,0.169742,0.614855,-0.153114,0.754783
235958.0,1.0,-0.01,0.16,0.16975,0.615074,-0.15252,0.754723
235968.0,0.99,-0.02,0.18,0.169851,0.614939,-0.152447,0.754825
235978.0,0.99,0.01,0.17,0.17022,0.614656,-0.152709,0.754919
235988.0,0.99,0.0,0.18,0.170729,0.614257,-0.153147,0.75504
235998.0,0.97,-0.02,0.18,0.171124,0.613812,-0.153824,0.755175
236008.0,0.99,-0.02,0.17,0.171357,0.613602,-0.154479,0.755159
236018.0,0.97,-0.06,0.16,0.171474,0.613468,-0.154961,0.755143
236028.0,0.98,-0.08,0.17,0.171392,0.613428,-0.155196,0.755146
236038.0,1.01,-0.04,0.21,0.171214,0.613463,-0.155044,0.755189
236048.0,1.0,-0.03,0.24,0.171066,0.613467,-0.154702,0.755289
236058.0,0.99,-0.05,0.24,0.170909,0.613431,-0.154548,0.755386
236068.0,0.99,-0.06,0.25,0.170854,0.613293,-0.154678,0.755483
236078.0,0.98,-0.06,0.22,0.171075,0.613135,-0.154896,0.755517
236088.0,0.99,-0.04,0.19,0.171458,0.613027,-0.155134,0.755469
236098.0,1.05,0.03,0.17,0.171863,0.612977,-0.155276,0.755388
236108.0,1.01,0.01,0.17,0.17211,0.61285,-0.155314,0.755427
236118.0,1.02,-0.02,0.21,0.172041,0.61264,-0.155314,0.755614
236128.0,1.04,0.01,0.2,0.171838,0.612519,-0.155138,0.755794
236138.0,1.03,0.04,0.21,0.171506,0.612509,-0.15494,0.755918
236148.0,1.02,-0.01,0.21,0.170965,0.612493,-0.15494,0.756054
236158.0,0.97,-0.08,0.2,0.170379,0.612387,-0.155167,0.756225
236168.0,0.98,-0.1,0.2,0.169914,0.61232,-0.155469,0.756322
236178.0,0.99,-0.07,0.19,0.169672,0.61232,-0.155678,0.756333
236188.0,1.01,-0.04,0.2,0.169615,0.612317,-0.155733,0.756337
236198.0,1.01,-0.07,0.22,0.169483,0.612303,-0.155754,0.756374
236208.0,0.99,-0.07,0.23,0.169211,0.612344,-0.155806,0.756391
236218.0,1.01,-0.06,0.21,0.168998,0.612476,-0.155812,0.75633
236228.0,0.97,-0.07,0.18,0.168868,0.612592,-0.155955,0.756236
236238.0,1.0,-0.05,0.18,0.168811,0.612701,-0.156146,0.756121
236248.0,1.0,-0.05,0.18,0.168829,0.612686,-0.156247,0.756109
236258.0,0.98,-0.04,0.2,0.168862,0.612626,-0.156297,0.756139
236268.0,0.99,-0.03,0.16,0.168834,0.612682,-0.1562,0.75612
236278.0,1.0,-0.02,0.17,0.168668,0.612764,-0.155945,0.756143
236288.0,1.0,-0.04,0.22,0.168384,0.61279,-0.155587,0.756259
236298.0,1.02,-0.01,0.24,0.168055,0.612846,-0.155288,0.756348
236308.0,1.01,-0.03,0.23,0.167758,0.612941,-0.155231,0.756349
236319.0,1.0,-0.04,0.22,0.167554,0.613003,-0.155463,0.756297
236328.0,0.98,-0.07,0.2,0.167513,0.61306,-0.155843,0.756181
236338.0,0.99,-0.08,0.21,0.167496,0.613118,-0.156293,0.756045
236349.0,0.99,-0.06,0.19,0.167531,0.613214,-0.156585,0.755899
236358.0,0.97,-0.08,0.22,0.16755,0.613336,-0.156701,0.755772
236368.0,0.99,-0.06,0.22,0.167545,0.613431,-0.156662,0.755704
236379.0,0.99,-0.04,0.21,0.167618,0.613524,-0.156546,0.755636
236388.0,0.98,-0.06,0.21,0.167733,0.613569,-0.156478,0.755588
236398.0,0.99,-0.02,0.19,0.167887,0.613573,-0.156491,0.755548
236408.0,1.02,0.01,0.19,0.168192,0.613455,-0.156553,0.755563
236418.0,1.0,0.0,0.18,0.168507,0.613187,-0.156757,0.755668
236428.0,0.99,-0.03,0.17,0.16871,0.612838,-0.157124,0.755829
236438.0,1.01,-0.02,0.14,0.168787,0.612641,-0.15735,0.755925
236448.0,1.01,-0.02,0.17,0.168664,0.612575,-0.157228,0.756032
236459.0,1.01,-0.03,0.21,0.16826,0.612522,-0.156858,0.756242
236468.0,0.99,-0.07,0.24,0.167691,0.612514,-0.156496,0.756449
236478.0,0.98,-0.08,0.23,0.167183,0.612606,-0.156252,0.756538
236489.0,1.0,-0.05,0.2,0.166895,0.612763,-0.156077,0.75651
236498.0,1.01,-0.03,0.16,0.16676,0.612831,-0.156059,0.756488
236508.0,1.0,-0.06,0.17,0.166637,0.612781,-0.156187,0.75653
236519.0,0.98,-0.09,0.21,0.166459,0.612556,-0.15643,0.756701
236528.0,0.96,-0.1,0.18,0.166353,0.612297,-0.156581,0.756902
236538.0,0.96,-0.08,0.19,0.166389,0.612061,-0.156661,0.757069
236549.0,1.0,-0.03,0.2,0.166513,0.611843,-0.156526,0.757246
236558.0,0.98,-0.01,0.2,0.166538,0.611755,-0.156239,0.757371
236568.0,1.01,-0.01,0.19,0.166302,0.611867,-0.155885,0.757405
236579.0,1.03,0.01,0.2,0.165922,0.612128,-0.155544,0.757348
236588.0,1.02,-0.02,0.22,0.165531,0.612289,-0.155362,0.75734
236598.0,1.01,-0.06,0.22,0.165199,0.612222,-0.155459,0.757447
236609.0,1.03,-0.03,0.24,0.165024,0.612063,-0.155659,0.757572
236618.0,1.02,-0.04,0.23,0.164975,0.61192,-0.155824,0.757665
236629.0,1.01,-0.07,0.21,0.164833,0.611799,-0.156017,0.757754
236638.0,1.01,-0.04,0.24,0.164668,0.611648,-0.15611,0.757892
236649.0,0.99,-0.06,0.26,0.164497,0.611523,-0.156107,0.758031
236659.0,0.96,-0.09,0.23,0.16426,0.611438,-0.156184,0.758135
236668.0,0.97,-0.07,0.19,0.164094,0.611509,-0.15626,0.758098
236679.0,1.0,-0.03,0.19,0.164096,0.61153,-0.156209,0.758091
236689.0,1.0,-0.05,0.2,0.164111,0.6114,-0.156172,0.7582
236698.0,0.99,-0.06,0.22,0.164058,0.611315,-0.15622,0.75827
236709.0,1.0,-0.05,0.18,0.164012,0.611335,-0.156314,0.758246
236718.0,1.01,-0.04,0.19,0.164032,0.611381,-0.156327,0.758201
236728.0,1.0,-0.04,0.21,0.164083,0.611316,-0.156286,0.758251
236739.0,1.0,-0.05,0.21,0.164154,0.611279,-0.15628,0.758266
236748.0,1.01,-0.04,0.19,0.164215,0.61132,-0.156319,0.758213
236759.0,1.02,-0.01,0.17,0.164322,0.611373,-0.156317,0.758147
236769.0,1.02,0.01,0.16,0.164386,0.611335,-0.156316,0.758164
236778.0,1.01,-0.01,0.21,0.164261,0.611172,-0.156376,0.75831
236789.0,1.0,-0.04,0.21,0.163901,0.611001,-0.156511,0.758497
236799.0,1.01,-0.06,0.22,0.163437,0.610866,-0.156783,0.75865
236808.0,1.02,-0.04,0.21,0.162899,0.610739,-0.157081,0.758806
236819.0,1.0,-0.06,0.21,0.162253,0.610644,-0.157424,0.758951
236828.0,0.97,-0.11,0.19,0.161557,0.610491,-0.157852,0.759133
236839.0,1.0,-0.09,0.2,0.160948,0.610295,-0.158136,0.759361
236849.0,1.04,-0.05,0.21,0.160455,0.610012,-0.158226,0.759674
236858.0,1.04,-0.03,0.21,0.159874,0.60961,-0.158382,0.760086
236869.0,1.07,0.01,0.21,0.158977,0.609141,-0.158715,0.760581
236878.0,1.04,-0.01,0.16,0.157649,0.60859,-0.159462,0.761142
236889.0,1.02,-0.04,0.16,0.155706,0.607865,-0.160725,0.761855
236898.0,0.98,-0.09,0.22,0.153498,0.606792,-0.162739,0.76273
236909.0,1.04,-0.06,0.26,0.151214,0.60567,-0.164896,0.763615
236918.0,1.07,0.0,0.19,0.148845,0.604701,-0.167163,0.764355
236929.0,1.07,-0.02,0.18,0.146115,0.603536,-0.16959,0.765267
236938.0,1.14,0.02,0.24,0.142826,0.602065,-0.172305,0.766439
236949.0,1.14,0.11,0.28,0.138699,0.600365,-0.17582,0.767732
236958.0,0.98,0.01,0.22,0.133397,0.59832,-0.181422,0.768963
236969.0,0.89,-0.2,0.19,0.126717,0.595941,-0.189402,0.770016
236979.0,0.84,-0.32,0.3,0.11963,0.593013,-0.198506,0.771116
236989.0,0.86,-0.39,0.31,0.113243,0.590058,-0.207917,0.771867
236999.0,0.91,-0.38,0.26,0.107386,0.587734,-0.216878,0.772011
237008.0,1.0,-0.32,0.34,0.10181,0.585809,-0.225119,0.77187
237019.0,1.09,-0.07,0.42,0.09608,0.584235,-0.23231,0.771667
237029.0,1.12,0.09,0.41,0.089225,0.583719,-0.239483,0.770687
237038.0,1.29,0.19,0.44,0.079718,0.584421,-0.247589,0.768633
237049.0,1.12,0.16,0.63,0.06722,0.585614,-0.257859,0.765537
237058.0,0.38,-0.33,0.05,0.052427,0.587932,-0.272199,0.759931
237069.0,0.2,-0.9,-0.53,0.035324,0.591696,-0.289077,0.75172
237079.0,0.87,-0.84,-0.33,0.02002,0.593304,-0.302772,0.745599
237089.0,0.89,-0.51,0.12,0.009862,0.591979,-0.312324,0.742911
237098.0,0.72,-0.52,-0.01,0.001368,0.58994,-0.319786,0.741421
237109.0,0.95,-0.36,-0.0,-0.008139,0.587618,-0.325925,0.740548
237119.0,0.93,-0.43,-0.14,-0.019247,0.584291,-0.331039,0.740707
237129.0,0.91,-0.31,-0.06,-0.031916,0.5788,-0.335694,0.742483
237139.0,0.86,-0.29,0.21,-0.045811,0.57068,-0.341069,0.745585
237149.0,0.66,-0.46,0.29,-0.059822,0.561031,-0.349499,0.748008
237159.0,0.22,-0.65,0.08,-0.073466,0.551747,-0.361915,0.747794
237169.0,0.37,-1.0,-0.02,-0.086083,0.542577,-0.377467,0.745465
237179.0,0.77,-0.88,0.1,-0.095718,0.533688,-0.392377,0.743004
237189.0,0.69,-0.77,0.07,-0.102613,0.525189,-0.405748,0.740956
237199.0,0.64,-0.72,0.15,-0.108988,0.516333,-0.417821,0.739558
237209.0,0.85,-0.7,0.3,-0.11635,0.507302,-0.428282,0.738703
237219.0,0.98,-0.67,0.49,-0.125265,0.498457,-0.436952,0.738189
237229.0,0.86,-0.72,0.56,-0.135642,0.490478,-0.444355,0.73728
237239.0,0.29,-0.78,0.18,-0.147408,0.484039,-0.451861,0.73471
237249.0,-0.03,-0.86,-0.69,-0.162698,0.479448,-0.460306,0.729231
237259.0,0.72,-0.7,-0.28,-0.179338,0.47385,-0.468014,0.724063
237269.0,0.5,-0.96,-0.13,-0.19232,0.464888,-0.475779,0.721475
237279.0,0.19,-1.15,0.32,-0.202614,0.453645,-0.484872,0.719759
237289.0,0.44,-0.95,0.5,-0.211295,0.443143,-0.493491,0.717945
237299.0,0.58,-0.84,0.4,-0.2202,0.43566,-0.501872,0.714029
237309.0,0.61,-0.81,0.5,-0.230014,0.429786,-0.509727,0.708912
237319.0,0.37,-0.86,0.6,-0.241402,0.424106,-0.518057,0.702478
237329.0,0.18,-0.94,0.29,-0.254673,0.419366,-0.527481,0.693569
237339.0,-0.12,-0.95,-0.12,-0.268981,0.416149,-0.536914,0.682783
237349.0,0.05,-1.07,-0.28,-0.282562,0.41415,-0.54572,0.671437
237359.0,0.36,-0.92,-0.29,-0.293819,0.41245,-0.552644,0.661921
237369.0,0.52,-0.3,-0.48,-0.302431,0.410327,-0.558558,0.654355
237379.0,0.13,-0.96,-0.37,-0.311332,0.403247,-0.566729,0.64752
237389.0,0.18,-1.0,-0.17,-0.320249,0.391988,-0.575657,0.642187
237399.0,0.25,-1.16,-0.07,-0.328193,0.379719,-0.583521,0.638441
237409.0,0.09,-0.43,-0.61,-0.334322,0.366959,-0.590354,0.636437
237419.0,-0.18,-1.0,0.22,-0.341268,0.34836,-0.599034,0.635091
237429.0,-0.11,-0.95,0.11,-0.348918,0.330839,-0.606795,0.632931
237439.0,-0.21,-1.11,0.3,-0.356732,0.315846,-0.61293,0.630317
237449.0,-0.29,-1.21,0.37,-0.36438,0.303401,-0.61751,0.62758
237459.0,-0.13,-1.19,0.26,-0.371962,0.294022,-0.620893,0.624249
237469.0,-0.12,-1.14,0.09,-0.37882,0.287357,-0.623579,0.620541
237479.0,-0.13,-1.21,0.06,-0.384323,0.281546,-0.6262,0.617172
237489.0,-0.23,-1.14,0.08,-0.388144,0.27578,-0.628569,0.614971
237499.0,-0.26,-1.19,0.21,-0.390889,0.270077,-0.630632,0.613651
237509.0,-0.2,-1.29,0.33,-0.393329,0.266076,-0.631703,0.612738
237519.0,-0.1,-0.94,0.11,-0.395735,0.264608,-0.631479,0.612055
237529.0,-0.15,-1.22,0.23,-0.398946,0.263743,-0.631055,0.610779
237539.0,-0.17,-1.05,0.08,-0.402642,0.264478,-0.630385,0.608725
237549.0,-0.15,-1.02,-0.16,-0.4068,0.266321,-0.629853,0.6057
237559.0,-0.2,-1.0,-0.24,-0.41018,0.267582,-0.629847,0.602864
237569.0,-0.24,-1.06,-0.16,-0.412556,0.267108,-0.630426,0.600844
237579.0,-0.36,-1.08,-0.18,-0.413816,0.265163,-0.631655,0.599547
237589.0,-0.3,-1.11,0.01,-0.413564,0.261803,-0.633348,0.599412
237599.0,-0.37,-1.09,0.2,-0.412185,0.257934,-0.634935,0.600359
237609.0,-0.37,-1.15,0.31,-0.410834,0.254887,-0.635835,0.601632
237619.0,-0.28,-1.06,0.26,-0.409739,0.253619,-0.635828,0.602922
237629.0,-0.34,-1.1,0.25,-0.408988,0.253539,-0.635383,0.603934
237639.0,-0.33,-1.13,0.3,-0.4083,0.25431,-0.634604,0.604893
237649.0,-0.02,-0.87,0.12,-0.407495,0.256469,-0.633208,0.605986
237659.0,-0.19,-0.93,-0.1,-0.406778,0.258413,-0.632608,0.606269
237669.0,-0.25,-1.02,-0.06,-0.405532,0.258501,-0.633267,0.606378
237679.0,-0.18,-0.95,0.09,-0.403431,0.257846,-0.634219,0.607063
237689.0,-0.16,-0.9,0.02,-0.40151,0.257632,-0.634811,0.607807
237699.0,-0.21,-0.97,0.03,-0.400002,0.257509,-0.6352,0.608448
237709.0,-0.23,-0.98,0.16,-0.398571,0.257182,-0.635441,0.609273
237719.0,-0.19,-0.93,0.13,-0.397533,0.257817,-0.635097,0.61004
237729.0,-0.26,-1.01,0.18,-0.397115,0.25922,-0.634336,0.61051
237739.0,-0.25,-1.07,0.14,-0.397085,0.261507,-0.633133,0.610802
237749.0,-0.12,-0.9,-0.05,-0.396664,0.264869,-0.631626,0.611188
237759.0,-0.1,-0.89,-0.13,-0.395509,0.267635,-0.630848,0.611535
237770.0,-0.12,-0.93,-0.07,-0.393524,0.268547,-0.630945,0.612315
237779.0,-0.15,-0.93,0.06,-0.391155,0.268473,-0.631307,0.613491
237790.0,-0.12,-0.95,0.08,-0.389165,0.268509,-0.631505,0.614537
237799.0,-0.11,-0.93,0.04,-0.387572,0.268874,-0.631548,0.615339
237809.0,-0.15,-0.99,0.03,-0.38641,0.269488,-0.631346,0.616008
237819.0,-0.17,-1.01,0.04,-0.385475,0.27047,-0.630765,0.616758
237829.0,-0.11,-1.0,0.05,-0.384632,0.272052,-0.629592,0.617786
237839.0,-0.03,-0.92,0.03,-0.383847,0.274077,-0.627999,0.619
237849.0,-0.12,-0.99,0.04,-0.383404,0.275962,-0.62641,0.620045
237859.0,-0.07,-0.96,0.05,-0.38303,0.277395,-0.625104,0.620954
237869.0,-0.13,-0.96,-0.02,-0.382516,0.278296,-0.624371,0.621606
237880.0,-0.11,-0.98,0.04,-0.381861,0.27836,-0.624349,0.622002
237889.0,-0.1,-0.99,0.06,-0.380789,0.277725,-0.62471,0.62258
237900.0,-0.1,-0.99,0.06,-0.379362,0.276767,-0.625479,0.623105
237909.0,-0.11,-1.0,0.12,-0.377585,0.275653,-0.626336,0.623818
237920.0,-0.12,-0.97,0.08,-0.376091,0.275144,-0.626723,0.624556
237929.0,-0.06,-0.95,-0.04,-0.375292,0.275813,-0.626093,0.625372
237940.0,-0.13,-0.99,0.03,-0.374657,0.276574,-0.625345,0.626164
237949.0,-0.09,-0.95,0.05,-0.374069,0.277075,-0.624529,0.627109
237960.0,-0.13,-0.94,0.01,-0.373624,0.277382,-0.62383,0.627934
237969.0,-0.11,-0.97,0.06,-0.373238,0.277075,-0.623609,0.628517
237980.0,-0.17,-1.06,0.19,-0.372859,0.276293,-0.623748,0.628949
237989.0,-0.2,-1.06,0.15,-0.372611,0.275939,-0.623862,0.629138
238000.0,-0.18,-1.02,0.06,-0.372385,0.276292,-0.623882,0.629097
238009.0,-0.19,-0.99,0.06,-0.371995,0.276736,-0.623932,0.629083
238020.0,-0.17,-1.01,0.05,-0.371419,0.277076,-0.623922,0.629284
238029.0,-0.15,-0.99,0.1,-0.370697,0.277367,-0.623744,0.629758
238039.0,-0.17,-0.98,0.09,-0.370076,0.277857,-0.62344,0.630208
238050.0,-0.14,-0.99,0.07,-0.369568,0.278558,-0.623139,0.630494
238059.0,-0.07,-0.94,0.01,-0.368831,0.279356,-0.622989,0.630721
238070.0,-0.08,-0.95,-0.05,-0.367959,0.279853,-0.623109,0.630891
238079.0,-0.08,-0.97,0.0,-0.366998,0.279931,-0.623355,0.631174
238090.0,-0.05,-0.95,0.03,-0.366032,0.279817,-0.623522,0.631619
238099.0,-0.06,-0.98,0.02,-0.365386,0.279599,-0.623648,0.631965
238110.0,-0.08,-1.03,0.09,-0.364775,0.279142,-0.623832,0.632339
238119.0,-0.07,-1.03,0.18,-0.364098,0.278702,-0.623973,0.632784
238130.0,-0.08,-1.02,0.19,-0.36349,0.278613,-0.624068,0.633078
238139.0,-0.06,-1.0,0.14,-0.362988,0.279003,-0.624214,0.633051
238149.0,-0.02,-0.98,0.08,-0.362624,0.279791,-0.624433,0.632697
238160.0,-0.07,-0.98,0.07,-0.36231,0.280561,-0.624842,0.632131
238169.0,-0.05,-0.98,0.0,-0.362152,0.281363,-0.625316,0.631396
238180.0,-0.03,-0.96,-0.02,-0.362073,0.282129,-0.625713,0.630706
238189.0,-0.06,-0.99,0.0,-0.362058,0.282589,-0.626054,0.63017
238200.0,-0.13,-1.04,0.05,-0.362035,0.282686,-0.626344,0.629851
238209.0,-0.12,-1.03,0.09,-0.361745,0.282728,-0.626569,0.629775
238220.0,-0.05,-0.96,0.1,-0.361285,0.283033,-0.62662,0.629852
238229.0,-0.11,-0.99,0.05,-0.360898,0.283298,-0.626691,0.629884
238240.0,-0.12,-0.99,0.03,-0.360515,0.283296,-0.626868,0.629928
238250.0,-0.11,-0.97,0.06,-0.360058,0.283313,-0.627039,0.630012
238260.0,-0.07,-1.0,0.04,-0.359696,0.283342,-0.627143,0.630101
238270.0,-0.13,-1.01,0.08,-0.359347,0.283314,-0.62723,0.630226
238279.0,-0.12,-1.01,0.08,-0.358982,0.283462,-0.627282,0.630316
238290.0,-0.12,-1.01,0.04,-0.358435,0.283831,-0.627309,0.630434
238299.0,-0.07,-0.98,0.05,-0.357754,0.284177,-0.627346,0.630628
238310.0,-0.05,-0.97,0.04,-0.357032,0.284475,-0.627249,0.631
238320.0,-0.07,-1.0,0.06,-0.356505,0.284636,-0.62708,0.631393
238329.0,-0.07,-1.0,0.05,-0.356166,0.284875,-0.626892,0.631663
238340.0,-0.02,-0.96,0.03,-0.355986,0.285375,-0.626662,0.631768
238349.0,-0.07,-1.01,0.04,-0.355923,0.285741,-0.626538,0.63176
238360.0,-0.12,-1.05,0.05,-0.355807,0.285771,-0.626618,0.631733
238370.0,-0.08,-1.01,0.1,-0.355395,0.285724,-0.626801,0.631804
238379.0,-0.07,-1.0,0.11,-0.354825,0.285744,-0.627022,0.631897
238390.0,-0.1,-1.04,0.1,-0.354337,0.285906,-0.627199,0.631921
238400.0,-0.09,-1.01,0.1,-0.353826,0.286394,-0.627196,0.631989
238410.0,-0.01,-0.97,0.09,-0.353433,0.287437,-0.626964,0.631966
238420.0,0.0,-0.97,0.06,-0.353326,0.288827,-0.626669,0.631685
238430.0,-0.0,-0.96,0.0,-0.353445,0.290313,-0.62642,0.631184
238440.0,0.01,-0.94,-0.09,-0.353611,0.291853,-0.626231,0.630568
238449.0,0.06,-0.9,-0.15,-0.35364,0.293026,-0.6262,0.630039
238460.0,0.03,-0.95,-0.08,-0.353491,0.293342,-0.626295,0.62988
238469.0,0.0,-1.0,-0.01,-0.353244,0.292976,-0.626347,0.630137
238480.0,-0.01,-0.97,-0.04,-0.352977,0.292513,-0.626205,0.630643
238490.0,-0.01,-0.97,-0.03,-0.352768,0.291851,-0.625992,0.631278
238499.0,-0.07,-1.03,0.06,-0.352537,0.290782,-0.625773,0.632117
238510.0,-0.13,-1.06,0.1,-0.352311,0.289546,-0.625591,0.63299
238520.0,-0.12,-1.04,0.13,-0.352076,0.288556,-0.6254,0.63376
238530.0,-0.14,-1.07,0.11,-0.351893,0.287861,-0.62525,0.634326
238540.0,-0.12,-1.04,0.08,-0.351633,0.287427,-0.62514,0.634775
238550.0,-0.14,-1.06,0.06,-0.351332,0.287116,-0.625133,0.63509
238559.0,-0.1,-1.06,0.1,-0.350984,0.286828,-0.625174,0.635372
238570.0,-0.11,-1.08,0.09,-0.350694,0.286847,-0.625066,0.635629
238580.0,-0.06,-1.05,0.07,-0.350519,0.287171,-0.62487,0.635772
238590.0,-0.09,-1.07,0.04,-0.350332,0.287566,-0.624778,0.635787
238600.0,-0.08,-1.07,0.01,-0.35017,0.288044,-0.624797,0.635641
238610.0,-0.05,-1.06,-0.07,-0.349947,0.288687,-0.624827,0.635443
238620.0,-0.1,-1.07,-0.07,-0.349457,0.289114,-0.625059,0.63529
238630.0,-0.13,-1.13,-0.1,-0.348671,0.289255,-0.625491,0.635233
238640.0,-0.09,-1.09,-0.08,-0.347437,0.289355,-0.625951,0.63541
238650.0,-0.06,-1.13,-0.08,-0.345968,0.289509,-0.626475,0.635626
238660.0,0.02,-1.08,-0.15,-0.344496,0.289815,-0.627079,0.635689
238670.0,0.03,-1.04,-0.24,-0.343158,0.290275,-0.627799,0.635494
238680.0,0.08,-1.05,-0.23,-0.341941,0.290646,-0.628518,0.635269
238690.0,0.04,-1.11,-0.21,-0.340868,0.290797,-0.628948,0.635351
238700.0,0.04,-1.13,-0.16,-0.339966,0.29082,-0.62887,0.6359
238710.0,-0.01,-1.11,-0.18,-0.339226,0.290901,-0.628473,0.63665
238720.0,0.06,-1.12,-0.14,-0.33885,0.290971,-0.627957,0.637327
238730.0,0.09,-1.07,-0.16,-0.338728,0.291219,-0.62716,0.638063
238740.0,0.02,-1.16,-0.19,-0.339267,0.291524,-0.626271,0.638511
238750.0,0.03,-1.24,-0.15,-0.340232,0.292117,-0.625246,0.638731
238760.0,0.12,-1.26,-0.17,-0.34121,0.293856,-0.624076,0.638556
238770.0,0.03,-1.25,-0.34,-0.342091,0.296884,-0.622871,0.637859
238780.0,0.18,-1.05,-0.32,-0.342546,0.300888,-0.621703,0.636878
238790.0,0.11,-0.99,-0.53,-0.343358,0.305706,-0.620614,0.635207
238800.0,-0.05,-1.02,-0.65,-0.34508,0.310769,-0.619653,0.63275
238810.0,-0.18,-1.11,-0.72,-0.347061,0.315534,-0.618874,0.630065
238820.0,0.08,-0.7,-0.81,-0.348297,0.320302,-0.618072,0.62776
238830.0,-0.05,-0.68,-0.91,-0.349441,0.323571,-0.617502,0.626006
238840.0,0.06,-0.77,-0.86,-0.351309,0.324179,-0.617456,0.62469
238850.0,0.18,-0.67,-0.59,-0.352376,0.322034,-0.617383,0.62527
238860.0,-0.19,-0.85,-0.38,-0.352666,0.31668,-0.618356,0.626878
238870.0,-0.38,-0.99,-0.09,-0.35241,0.308726,-0.620534,0.628835
238880.0,-0.24,-0.84,0.05,-0.351726,0.301208,-0.622858,0.630563
238890.0,-0.02,-0.6,0.04,-0.351321,0.29595,-0.623909,0.632238
238900.0,-0.43,-0.73,0.03,-0.352803,0.292262,-0.62402,0.633018
238910.0,-0.22,-0.82,-0.03,-0.355844,0.290332,-0.622927,0.633281
238920.0,0.09,-0.39,-0.2,-0.358038,0.290049,-0.620304,0.634747
238930.0,-0.09,-0.51,0.1,-0.359598,0.288586,-0.617964,0.636811
238940.0,0.15,-0.37,0.21,-0.361089,0.284914,-0.616657,0.638884
238950.0,-0.11,-0.55,0.29,-0.362043,0.27907,-0.617283,0.640317
238960.0,0.09,-0.68,0.8,-0.362658,0.270446,-0.619034,0.641977
238970.0,-0.29,-1.18,1.14,-0.363136,0.260856,-0.620478,0.644278
238980.0,-0.52,-1.57,1.45,-0.363497,0.251962,-0.621598,0.646531
238990.0,-0.25,-1.36,1.49,-0.362804,0.246675,-0.621494,0.649053
239000.0,-0.41,-1.15,1.08,-0.362111,0.245808,-0.620567,0.650654
239010.0,-0.1,-0.94,0.88,-0.361403,0.246582,-0.619323,0.651938
239020.0,0.2,-0.41,0.57,-0.361265,0.24858,-0.616951,0.653504
239030.0,-0.13,-0.76,0.44,-0.363196,0.249468,-0.614169,0.654714
239040.0,-0.02,-0.81,0.58,-0.365611,0.248213,-0.611301,0.656528
239050.0,-0.16,-1.07,0.85,-0.367631,0.244853,-0.609089,0.658714
239060.0,-0.44,-1.45,1.05,-0.369342,0.240809,-0.608228,0.660043
239070.0,-0.42,-1.46,1.08,-0.370368,0.239462,-0.60833,0.659864
239080.0,-0.48,-1.46,0.76,-0.370536,0.24192,-0.609501,0.65779
239090.0,-0.44,-1.22,0.56,-0.369552,0.247125,-0.611469,0.654574
239100.0,-0.2,-0.89,0.27,-0.368044,0.254393,-0.612882,0.651309
239110.0,-0.2,-0.8,0.06,-0.366874,0.262768,-0.612854,0.648665
239120.0,-0.13,-0.69,-0.27,-0.36628,0.271119,-0.611633,0.646713
239130.0,-0.01,-0.64,-0.32,-0.365602,0.277465,-0.610097,0.645856
239140.0,0.0,-0.7,-0.15,-0.364724,0.280833,-0.608978,0.645953
239150.0,0.04,-0.8,0.03,-0.363959,0.281837,-0.608677,0.646231
239161.0,0.14,-0.82,0.15,-0.363643,0.281905,-0.608997,0.646077
239170.0,0.01,-0.95,0.08,-0.36382,0.281658,-0.609765,0.645361
239181.0,-0.05,-1.06,0.09,-0.364091,0.281235,-0.61128,0.643958
239190.0,-0.07,-1.06,0.16,-0.363935,0.28049,-0.613191,0.642553
239200.0,-0.21,-1.1,0.11,-0.363697,0.279949,-0.615129,0.641069
239210.0,-0.21,-1.12,0.15,-0.363412,0.279855,-0.616592,0.639865
239220.0,-0.05,-1.0,0.13,-0.362875,0.28075,-0.616908,0.639473
239230.0,-0.09,-0.98,0.06,-0.362692,0.282196,-0.61636,0.639468
239240.0,-0.09,-1.01,0.0,-0.362999,0.283458,-0.615766,0.639308
239250.0,-0.02,-0.97,0.03,-0.362951,0.284288,-0.615292,0.639424
239260.0,-0.03,-1.0,0.12,-0.36272,0.284591,-0.61492,0.639778
239270.0,-0.04,-1.02,0.09,-0.362464,0.284894,-0.614891,0.639816
239280.0,-0.04,-0.93,0.07,-0.36219,0.285606,-0.614959,0.639589
239290.0,-0.02,-0.89,0.05,-0.362175,0.286746,-0.614749,0.639288
239301.0,-0.14,-0.98,-0.02,-0.362508,0.28777,-0.614509,0.63887
239310.0,-0.14,-1.03,0.03,-0.362848,0.288026,-0.614456,0.638613
239321.0,-0.13,-1.08,0.1,-0.362856,0.287847,-0.614182,0.638953
239330.0,-0.15,-1.1,0.14,-0.362662,0.28765,-0.613867,0.639454
239340.0,-0.1,-1.05,0.13,-0.362169,0.287639,-0.613754,0.639847
239350.0,0.01,-0.94,0.13,-0.361499,0.287864,-0.61354,0.640329
239360.0,-0.03,-1.01,0.1,-0.361299,0.288385,-0.613036,0.64069
239371.0,0.01,-0.92,0.09,-0.361231,0.289263,-0.61239,0.64095
239380.0,0.0,-0.91,0.01,-0.361514,0.290272,-0.611704,0.64099
239390.0,-0.07,-0.96,-0.03,-0.362152,0.291033,-0.611036,0.640921
239400.0,-0.08,-0.99,0.03,-0.362751,0.291288,-0.610435,0.64104
239411.0,0.0,-0.89,0.03,-0.363216,0.291303,-0.609883,0.641295
239420.0,-0.11,-1.04,0.06,-0.36402,0.290964,-0.609259,0.641586
239430.0,-0.12,-1.06,0.1,-0.364785,0.290602,-0.608572,0.641968
239440.0,-0.13,-1.05,0.1,-0.365199,0.290489,-0.608012,0.642314
239450.0,-0.1,-1.02,0.04,-0.365328,0.290603,-0.60768,0.642503
239461.0,-0.08,-0.97,0.08,-0.365063,0.290809,-0.607323,0.642898
239470.0,-0.05,-1.01,0.08,-0.364778,0.290742,-0.60706,0.643339
239480.0,-0.04,-1.0,0.19,-0.364269,0.290142,-0.607036,0.64392
239490.0,-0.12,-1.1,0.27,-0.36395,0.289111,-0.607238,0.644373
239501.0,-0.14,-1.17,0.25,-0.363773,0.288604,-0.607311,0.644632
239510.0,-0.11,-1.07,0.14,-0.363428,0.289232,-0.60723,0.644622
239520.0,-0.06,-0.97,0.06,-0.363027,0.290378,-0.607134,0.644422
239531.0,-0.06,-0.95,0.0,-0.362645,0.291464,-0.606973,0.644299
239540.0,-0.01,-0.89,-0.02,-0.362277,0.292365,-0.606757,0.644301
239551.0,0.03,-0.88,0.03,-0.36198,0.292803,-0.606461,0.644548
239560.0,-0.01,-0.95,0.09,-0.361883,0.292672,-0.6062,0.644907
239571.0,-0.03,-1.04,0.2,-0.361953,0.292129,-0.606057,0.645249
239580.0,-0.04,-1.07,0.23,-0.361993,0.291657,-0.605956,0.645534
239590.0,-0.09,-1.09,0.21,-0.362025,0.291522,-0.605962,0.645571
239601.0,-0.13,-1.1,0.13,-0.361984,0.291678,-0.606005,0.645484
239610.0,-0.18,-1.07,0.11,-0.361656,0.292064,-0.60605,0.645452
239621.0,-0.14,-0.98,0.05,-0.360912,0.292658,-0.605988,0.645657
239630.0,-0.02,-0.91,0.02,-0.359924,0.293461,-0.605591,0.646216
239641.0,0.05,-0.83,0.02,-0.358998,0.294221,-0.604802,0.647124
239650.0,0.04,-0.93,0.04,-0.358536,0.294412,-0.604006,0.648036
239661.0,0.01,-0.94,0.1,-0.358325,0.294044,-0.603486,0.648803
239670.0,-0.04,-1.02,0.1,-0.358406,0.293253,-0.603229,0.649356
239681.0,-0.03,-1.06,0.11,-0.358603,0.292607,-0.603025,0.649728
239690.0,-0.03,-1.02,0.14,-0.358571,0.292322,-0.602879,0.650009
239701.0,-0.06,-1.01,0.12,-0.358504,0.292139,-0.602858,0.650147
239710.0,-0.04,-0.97,0.1,-0.358501,0.292145,-0.602711,0.650283
239720.0,-0.03,-0.94,0.05,-0.358453,0.292224,-0.602433,0.650532
239731.0,-0.0,-0.96,0.05,-0.358499,0.292031,-0.602163,0.650842
239740.0,-0.04,-0.99,0.1,-0.358538,0.291576,-0.601907,0.651262
239751.0,-0.07,-1.0,0.07,-0.358665,0.291081,-0.601597,0.651699
239760.0,-0.08,-1.02,0.06,-0.358782,0.290781,-0.601433,0.65192
239770.0,-0.07,-1.0,0.1,-0.358758,0.290621,-0.60133,0.6521
239781.0,0.0,-0.96,0.12,-0.358748,0.290655,-0.601052,0.652346
239790.0,-0.03,-1.02,0.11,-0.358917,0.290697,-0.600621,0.652632
239801.0,0.01,-1.02,0.14,-0.359085,0.290727,-0.600053,0.653048
239811.0,-0.0,-1.0,0.1,-0.359171,0.290672,-0.599516,0.653519
239820.0,-0.05,-1.05,0.13,-0.359218,0.290286,-0.599264,0.653896
239831.0,-0.07,-1.08,0.11,-0.359171,0.289744,-0.599226,0.654197
239840.0,-0.08,-1.05,0.06,-0.358939,0.289282,-0.599404,0.654365
239851.0,-0.01,-0.99,0.12,-0.358599,0.289062,-0.599671,0.654404
239861.0,-0.03,-1.0,0.13,-0.358465,0.288991,-0.599673,0.654507
239870.0,0.03,-1.02,0.14,-0.358584,0.289007,-0.599371,0.654711
239881.0,0.04,-0.98,0.12,-0.358824,0.289107,-0.598869,0.654994
239890.0,0.05,-1.0,0.12,-0.359281,0.289189,-0.598143,0.655371
239901.0,0.02,-1.04,0.13,-0.359975,0.289064,-0.597275,0.655837
239910.0,-0.11,-1.13,0.17,-0.360898,0.288463,-0.59665,0.656163
239921.0,-0.2,-1.24,0.19,-0.361802,0.287557,-0.596359,0.656327
239930.0,-0.21,-1.28,0.16,-0.36237,0.286989,-0.596305,0.656312
239941.0,-0.2,-1.22,0.1,-0.362432,0.286834,-0.596299,0.656351
239951.0,-0.16,-1.22,0.11,-0.36199,0.286694,-0.596314,0.656643
239961.0,-0.1,-1.18,0.1,-0.361203,0.286525,-0.596083,0.657358
239971.0,-0.05,-1.21,0.18,-0.360398,0.286407,-0.595306,0.658556
239981.0,-0.01,-1.3,0.26,-0.359843,0.286352,-0.594258,0.659828
239991.0,-0.01,-1.29,0.17,-0.359395,0.28638,-0.593254,0.660963
240001.0,-0.05,-1.34,0.12,-0.35899,0.286153,-0.59271,0.661768
240011.0,-0.03,-1.41,0.21,-0.358587,0.285333,-0.592729,0.662324
240021.0,-0.06,-1.55,0.31,-0.358185,0.28419,-0.593182,0.662627
240031.0,-0.1,-1.6,0.3,-0.357669,0.283458,-0.593776,0.662688
240041.0,0.04,-1.57,0.32,-0.356872,0.283413,-0.594122,0.662826
240051.0,0.13,-1.43,0.35,-0.355808,0.284006,-0.594004,0.66325
240061.0,0.1,-1.51,0.39,-0.355185,0.284621,-0.593657,0.66363
240071.0,0.09,-1.57,0.41,-0.355108,0.285197,-0.593176,0.663855
240081.0,0.05,-1.49,0.42,-0.355163,0.285887,-0.592762,0.663899
240091.0,-0.06,-1.54,0.36,-0.355448,0.286501,-0.593146,0.663137
240101.0,-0.08,-1.63,0.34,-0.355535,0.286863,-0.59445,0.661766
240111.0,-0.15,-1.56,0.34,-0.354754,0.287631,-0.596086,0.660378
240121.0,-0.24,-1.53,0.29,-0.353452,0.289205,-0.59777,0.658865
240131.0,-0.29,-1.47,0.2,-0.351664,0.291497,-0.599173,0.657536
240140.0,-0.26,-1.47,0.11,-0.349745,0.294498,-0.60053,0.655983
240151.0,-0.13,-1.37,0.08,-0.347659,0.297675,-0.601885,0.654413
240161.0,0.05,-1.22,0.08,-0.345142,0.30062,-0.603241,0.65315
240171.0,0.36,-1.1,0.27,-0.342508,0.303081,-0.604564,0.652175
240181.0,0.22,-1.18,0.31,-0.34074,0.305098,-0.606143,0.650694
240191.0,0.13,-1.36,0.34,-0.33975,0.306692,-0.608258,0.648485
240201.0,0.04,-1.33,0.32,-0.338396,0.308484,-0.610968,0.645789
240211.0,0.01,-1.18,0.2,-0.336516,0.310414,-0.614479,0.642507
240221.0,-0.06,-1.18,0.08,-0.334176,0.312391,-0.618521,0.638882
240231.0,-0.15,-1.1,-0.02,-0.331237,0.314551,-0.622398,0.635578
240241.0,-0.15,-0.86,-0.12,-0.327704,0.316791,-0.626073,0.632682
240251.0,-0.03,-0.69,-0.1,-0.324089,0.318663,-0.629551,0.630148
240261.0,0.17,-0.31,0.01,-0.321073,0.320782,-0.631972,0.62819
240271.0,0.18,-0.36,-0.04,-0.319885,0.323224,-0.633114,0.626392
240281.0,0.23,-0.25,0.06,-0.319635,0.32602,-0.633403,0.624777
240291.0,0.26,-0.12,0.05,-0.31973,0.329009,-0.633164,0.623402
240301.0,0.22,0.08,-0.19,-0.320183,0.331817,-0.633323,0.621516
240311.0,0.25,0.13,-0.23,-0.320681,0.333224,-0.634417,0.619387
240321.0,0.02,-0.05,-0.21,-0.321344,0.332908,-0.63627,0.617309
240331.0,-0.2,-0.24,-0.28,-0.321724,0.331044,-0.638759,0.615541
240341.0,-0.07,-0.08,-0.21,-0.321022,0.328801,-0.640845,0.61494
240351.0,-0.2,-0.25,-0.2,-0.320098,0.326269,-0.642509,0.615034
240361.0,-0.32,-0.52,0.05,-0.319397,0.323298,-0.643691,0.615732
240371.0,-0.2,-0.6,0.06,-0.318954,0.321833,-0.64359,0.616833
240381.0,-0.14,-0.46,0.02,-0.319094,0.323136,-0.642031,0.617704
240391.0,-0.08,-0.49,-0.15,-0.32007,0.326358,-0.639806,0.617814
240401.0,-0.0,-0.47,-0.21,-0.32095,0.329875,-0.637607,0.617763
240411.0,-0.05,-0.46,-0.29,-0.321692,0.332713,-0.635804,0.617714
240421.0,-0.13,-0.69,-0.24,-0.322375,0.334548,-0.634711,0.61749
240431.0,-0.07,-0.66,-0.33,-0.322478,0.335912,-0.634084,0.61734
240441.0,-0.12,-0.78,-0.26,-0.322027,0.336498,-0.634196,0.617141
240451.0,-0.04,-0.74,-0.2,-0.321367,0.336302,-0.634706,0.617067
240461.0,-0.03,-0.89,-0.18,-0.320768,0.335715,-0.635287,0.617101
240471.0,0.0,-0.89,-0.2,-0.320377,0.33521,-0.6358,0.61705
240481.0,0.09,-0.93,-0.03,-0.32,0.334353,-0.636022,0.617482
240491.0,0.0,-1.03,0.02,-0.319982,0.333377,-0.635971,0.618072
240501.0,-0.0,-1.12,0.04,-0.320303,0.332518,-0.635765,0.61858
240511.0,0.02,-1.09,0.08,-0.320419,0.332086,-0.635445,0.619081
240521.0,0.04,-1.01,-0.0,-0.320564,0.332367,-0.635017,0.619294
240531.0,-0.03,-1.0,-0.25,-0.321077,0.333119,-0.634526,0.619127
240541.0,0.01,-0.92,-0.3,-0.321322,0.333496,-0.634274,0.619055
240551.0,0.03,-0.86,-0.19,-0.321184,0.332963,-0.63391,0.619787
240561.0,0.01,-1.04,-0.02,-0.321331,0.331459,-0.633425,0.62101
240571.0,0.04,-1.05,0.07,-0.321583,0.329846,-0.632922,0.62225
240581.0,0.01,-1.14,0.2,-0.321845,0.328397,-0.632568,0.623241
240591.0,-0.06,-1.2,0.19,-0.32225,0.327359,-0.632438,0.623709
240601.0,-0.07,-1.24,0.16,-0.322473,0.326854,-0.632531,0.623764
240611.0,-0.04,-1.16,0.11,-0.322134,0.327105,-0.632555,0.623784
240621.0,0.07,-1.04,0.1,-0.321696,0.328157,-0.632182,0.623836
240631.0,0.08,-1.02,-0.01,-0.321664,0.329805,-0.631339,0.623837
240642.0,0.1,-0.98,-0.1,-0.321955,0.331546,-0.630309,0.623806
240651.0,0.14,-0.92,-0.07,-0.322203,0.332726,-0.629395,0.623971
240661.0,0.09,-1.0,-0.02,-0.322579,0.332856,-0.62915,0.623955
240671.0,0.09,-1.05,0.11,-0.32274,0.332309,-0.629359,0.623952
240681.0,0.04,-1.05,0.11,-0.322756,0.331901,-0.62986,0.623656
240691.0,0.02,-1.08,0.08,-0.322631,0.331741,-0.630631,0.623026
240701.0,0.0,-1.0,0.03,-0.322195,0.331869,-0.631432,0.622373
240711.0,-0.1,-1.01,-0.07,-0.321814,0.332276,-0.632008,0.621767
240721.0,-0.03,-1.01,-0.06,-0.321622,0.333041,-0.631962,0.621505
240731.0,0.02,-1.04,-0.01,-0.321554,0.334139,-0.631153,0.621771
240742.0,0.04,-0.88,-0.05,-0.32186,0.335585,-0.63001,0.621994
240751.0,0.02,-1.01,-0.13,-0.322386,0.336428,-0.629463,0.621819
240762.0,0.01,-0.98,-0.05,-0.322462,0.336151,-0.629561,0.621831
240771.0,-0.04,-1.11,0.01,-0.322243,0.335132,-0.630119,0.62193
240782.0,-0.08,-1.11,0.05,-0.321732,0.334125,-0.631081,0.621761
240791.0,0.01,-1.05,0.02,-0.320987,0.333589,-0.632048,0.621451
240802.0,-0.02,-1.02,-0.09,-0.320443,0.333956,-0.632526,0.621047
240811.0,0.05,-0.97,-0.13,-0.320235,0.335032,-0.632285,0.620821
240821.0,0.06,-0.96,-0.14,-0.320181,0.336334,-0.631456,0.620988
240831.0,0.06,-0.92,-0.18,-0.320226,0.337368,-0.63048,0.621396
240842.0,0.07,-0.94,-0.1,-0.320114,0.337522,-0.629875,0.621983
240851.0,0.08,-0.97,0.06,-0.319728,0.336686,-0.629802,0.622709
240862.0,0.08,-1.03,0.14,-0.319379,0.335569,-0.630131,0.623157
240871.0,0.05,-1.01,0.1,-0.319184,0.334883,-0.630663,0.623088
240882.0,-0.0,-1.01,0.01,-0.319182,0.334727,-0.631235,0.622593
240891.0,-0.03,-0.99,-0.03,-0.319305,0.334942,-0.631576,0.622069
240901.0,0.0,-0.97,-0.06,-0.319506,0.335359,-0.6315,0.621818
240911.0,0.01,-0.96,-0.03,-0.319755,0.335748,-0.631078,0.621908
240921.0,-0.02,-1.02,-0.0,-0.320073,0.335916,-0.630595,0.622144
240932.0,0.0,-1.03,0.04,-0.320269,0.335996,-0.63019,0.62241
240941.0,0.04,-1.0,0.04,-0.320245,0.336261,-0.629955,0.622518
240952.0,0.06,-1.0,-0.02,-0.320121,0.336676,-0.630112,0.622199
240961.0,0.04,-0.99,-0.04,-0.319771,0.336998,-0.630617,0.621692
240971.0,0.05,-0.95,-0.09,-0.319432,0.337407,-0.631212,0.621041
240981.0,0.0,-0.97,-0.11,-0.319207,0.337757,-0.631783,0.620385
240991.0,-0.0,-0.98,-0.07,-0.319073,0.337881,-0.632113,0.62005
241002.0,-0.03,-1.03,-0.04,-0.319014,0.337905,-0.632156,0.620024
241011.0,0.01,-0.99,-0.02,-0.318942,0.338062,-0.631948,0.620186
241022.0,0.06,-1.01,0.01,-0.318772,0.338379,-0.631605,0.62045
241031.0,0.05,-1.03,0.04,-0.318642,0.338797,-0.631247,0.620654
241041.0,0.06,-1.02,-0.06,-0.318556,0.339413,-0.630988,0.620625
241052.0,0.06,-0.98,-0.15,-0.318277,0.339956,-0.630985,0.620473
241061.0,0.08,-0.95,-0.06,-0.317843,0.339964,-0.631245,0.620427
241071.0,0.06,-0.98,-0.01,-0.317603,0.339595,-0.631549,0.620442
241082.0,0.03,-0.99,0.02,-0.317692,0.339343,-0.631662,0.62042
241091.0,0.0,-1.02,0.04,-0.317991,0.33927,-0.631644,0.620326
241102.0,0.0,-1.03,0.04,-0.318343,0.339323,-0.631677,0.620082
241112.0,-0.06,-1.03,-0.03,-0.318553,0.339548,-0.631863,0.619662
241121.0,-0.08,-1.05,-0.03,-0.318573,0.339893,-0.632133,0.619187
241132.0,0.0,-0.93,-0.15,-0.318456,0.340723,-0.632076,0.618849
241141.0,0.04,-0.89,-0.26,-0.318358,0.341692,-0.631897,0.618548
241152.0,0.02,-0.92,-0.2,-0.318161,0.341802,-0.631816,0.618671
241161.0,0.08,-0.96,-0.11,-0.318152,0.341292,-0.631614,0.619164
241171.0,0.1,-0.92,-0.13,-0.318263,0.340835,-0.631264,0.619714
241182.0,0.1,-0.98,-0.02,-0.318636,0.340003,-0.631012,0.620237
241191.0,0.06,-1.05,0.04,-0.319229,0.339007,-0.630786,0.620706
241202.0,0.03,-1.04,0.04,-0.319777,0.338203,-0.630613,0.621039
241211.0,-0.02,-1.09,0.09,-0.320236,0.337482,-0.630599,0.621208
241222.0,-0.07,-1.07,0.04,-0.32059,0.337033,-0.63059,0.621279
241231.0,-0.07,-1.07,-0.05,-0.320721,0.336875,-0.630589,0.621297
241242.0,-0.07,-1.02,-0.05,-0.320477,0.336622,-0.630706,0.621441
241251.0,-0.02,-1.03,-0.04,-0.320184,0.336157,-0.630841,0.621708
241262.0,0.05,-0.94,-0.01,-0.319821,0.335815,-0.63076,0.622161
241272.0,0.08,-0.94,-0.0,-0.319692,0.335518,-0.630629,0.62252
241281.0,0.05,-0.98,0.0,-0.319869,0.335051,-0.630582,0.622729
241292.0,0.01,-0.95,0.01,-0.320055,0.334642,-0.630589,0.622846
241301.0,-0.05,-1.02,0.01,-0.320346,0.334327,-0.630681,0.622772
241312.0,-0.13,-1.03,-0.01,-0.320459,0.334139,-0.630856,0.622638
241322.0,-0.12,-1.06,0.02,-0.320242,0.33403,-0.631135,0.622526
241332.0,-0.09,-1.09,0.06,-0.319686,0.333868,-0.631473,0.622555
241342.0,0.0,-1.02,0.06,-0.318807,0.334037,-0.631685,0.6227
241352.0,0.08,-0.95,-0.04,-0.318091,0.334713,-0.631672,0.622716
241362.0,0.1,-0.94,-0.07,-0.317672,0.335444,-0.63169,0.622519
241371.0,0.12,-0.89,-0.07,-0.3174,0.335953,-0.631593,0.622482
241382.0,0.06,-0.95,-0.12,-0.317582,0.336192,-0.631474,0.62238
241392.0,0.01,-0.94,-0.14,-0.317894,0.336332,-0.631424,0.622197
241402.0,-0.04,-1.01,-0.15,-0.318263,0.336137,-0.631512,0.622024
241412.0,-0.06,-1.06,-0.07,-0.318376,0.33568,-0.631685,0.622037
241421.0,-0.02,-1.08,-0.03,-0.318128,0.33516,-0.631863,0.622263
241432.0,0.02,-1.08,0.01,-0.317607,0.334616,-0.632136,0.622545
241442.0,0.12,-1.05,0.03,-0.316883,0.334182,-0.632368,0.622911
241452.0,0.18,-1.0,0.09,-0.31612,0.333841,-0.632425,0.623423
241462.0,0.12,-1.07,0.07,-0.315853,0.333618,-0.632318,0.623786
241472.0,0.07,-1.01,0.01,-0.315929,0.333894,-0.631992,0.623931
241482.0,0.04,-1.0,-0.06,-0.316236,0.334522,-0.631556,0.623881
241491.0,0.01,-1.02,-0.07,-0.316677,0.335029,-0.631159,0.623787
241502.0,-0.02,-1.05,-0.08,-0.317015,0.335282,-0.631001,0.623639
241512.0,0.04,-1.05,-0.01,-0.317004,0.335108,-0.631189,0.623547
241522.0,0.09,-1.04,0.06,-0.316832,0.334807,-0.631468,0.623514
241532.0,0.12,-0.98,0.02,-0.316724,0.334732,-0.631662,0.623413
241542.0,0.08,-1.01,0.01,-0.31682,0.334647,-0.631771,0.623299
241552.0,0.03,-1.02,-0.02,-0.317113,0.334567,-0.631735,0.62323
241561.0,-0.03,-1.01,-0.05,-0.317504,0.334562,-0.631622,0.623148
241572.0,-0.06,-1.04,-0.03,-0.317866,0.334525,-0.631533,0.623073
241582.0,-0.05,-1.06,0.03,-0.318095,0.334601,-0.631387,0.623063
241592.0,-0.01,-1.09,0.06,-0.31826,0.335055,-0.631153,0.622973
241602.0,0.03,-1.11,0.1,-0.318317,0.335936,-0.630864,0.622761
241612.0,0.08,-1.03,0.04,-0.318223,0.337285,-0.630542,0.622407
241622.0,0.13,-0.96,0.0,-0.318098,0.338785,-0.630322,0.621878
241632.0,0.08,-1.01,0.04,-0.318138,0.33995,-0.630145,0.621401
241642.0,0.05,-1.0,-0.04,-0.318579,0.341264,-0.629836,0.620768
241652.0,0.04,-0.88,-0.19,-0.319158,0.34272,-0.629492,0.620017
241662.0,0.03,-0.92,-0.15,-0.319698,0.343489,-0.629291,0.619517
241672.0,-0.02,-0.99,-0.09,-0.320092,0.343469,-0.629331,0.619284
241682.0,-0.03,-1.01,-0.03,-0.320181,0.343032,-0.629585,0.619223
241692.0,-0.01,-1.04,0.02,-0.32005,0.34252,-0.62996,0.619192
241702.0,0.01,-0.97,0.02,-0.319684,0.342145,-0.630422,0.619118
241712.0,-0.01,-1.0,0.04,-0.319267,0.341556,-0.631088,0.618979
241722.0,-0.02,-1.0,0.03,-0.318962,0.341022,-0.631693,0.618815
241732.0,-0.03,-0.97,-0.02,-0.318805,0.340834,-0.632116,0.618567
241742.0,-0.06,-0.96,-0.1,-0.318856,0.341001,-0.632382,0.618176
241752.0,-0.02,-0.92,-0.16,-0.318963,0.341463,-0.63244,0.617807
241762.0,-0.03,-0.91,-0.15,-0.319077,0.342046,-0.632278,0.617592
241772.0,-0.05,-0.95,-0.16,-0.319199,0.342399,-0.632149,0.617464
241782.0,0.01,-0.92,-0.16,-0.319145,0.342546,-0.63213,0.61743
241792.0,0.03,-0.94,-0.08,-0.318915,0.342412,-0.632197,0.617556
241802.0,0.07,-0.95,-0.0,-0.318599,0.341917,-0.632289,0.617898
241812.0,0.03,-1.0,-0.0,-0.31835,0.341216,-0.632498,0.6182
241822.0,0.0,-1.02,0.04,-0.318161,0.34039,-0.632809,0.618434
241832.0,-0.02,-1.03,0.04,-0.318025,0.339805,-0.633027,0.618603
241842.0,-0.04,-0.99,-0.07,-0.317946,0.339698,-0.633111,0.618616
241852.0,-0.0,-0.96,-0.11,-0.317826,0.339855,-0.633029,0.618675
241862.0,0.0,-0.96,-0.12,-0.317732,0.340091,-0.632683,0.618948
241873.0,0.03,-0.96,-0.13,-0.317735,0.340276,-0.632173,0.619366
241882.0,0.04,-0.95,-0.09,-0.317674,0.34026,-0.631639,0.619951
241893.0,0.07,-0.97,-0.07,-0.317608,0.340005,-0.631162,0.62061
241902.0,0.07,-1.0,0.01,-0.317584,0.33947,-0.630824,0.621259
241912.0,0.05,-1.04,0.03,-0.317653,0.338853,-0.630652,0.621734
241922.0,0.02,-1.05,0.01,-0.317776,0.338366,-0.630678,0.62191
241932.0,-0.02,-1.09,0.02,-0.317826,0.338022,-0.630812,0.621937
241942.0,0.0,-1.06,0.03,-0.317738,0.337902,-0.630907,0.621949
241952.0,0.04,-0.96,-0.07,-0.317621,0.338184,-0.630813,0.621951
241962.0,0.06,-0.93,-0.12,-0.317531,0.338362,-0.630695,0.62202
241972.0,0.03,-0.99,-0.05,-0.317436,0.338005,-0.630619,0.622339
241982.0,0.05,-0.95,-0.04,-0.317324,0.337511,-0.63046,0.622825
241993.0,0.06,-0.98,-0.03,-0.317255,0.336978,-0.630275,0.623337
242002.0,0.03,-1.03,0.04,-0.317183,0.336205,-0.630249,0.623817
242012.0,0.02,-1.06,0.09,-0.317183,0.335469,-0.630245,0.624217
242022.0,0.0,-1.06,0.09,-0.317245,0.335215,-0.630077,0.624491
242032.0,-0.01,-1.05,0.04,-0.317451,0.335506,-0.62981,0.6245
242042.0,0.01,-1.01,-0.02,-0.317658,0.336148,-0.62946,0.624403
242052.0,0.02,-0.98,-0.04,-0.317788,0.336878,-0.629135,0.62427
242062.0,0.05,-0.96,-0.01,-0.317883,0.337247,-0.629029,0.624129
242073.0,0.01,-1.01,-0.03,-0.317984,0.337252,-0.629224,0.623879
242082.0,0.0,-1.03,-0.01,-0.318005,0.337043,-0.629712,0.623488
242093.0,-0.07,-1.06,0.02,-0.317941,0.336859,-0.630453,0.622871
242102.0,-0.07,-1.04,-0.08,-0.31792,0.337064,-0.631069,0.622146
242113.0,0.0,-0.96,-0.15,-0.317787,0.3378,-0.631279,0.621602
242122.0,0.01,-0.94,-0.13,-0.317588,0.3384,-0.631279,0.621377
242133.0,0.08,-0.96,-0.07,-0.317432,0.338576,-0.631057,0.621587
242142.0,0.07,-0.95,-0.05,-0.317396,0.338619,-0.630542,0.622104
242153.0,0.05,-1.0,-0.01,-0.317445,0.338313,-0.630063,0.622731
242162.0,0.03,-1.04,0.07,-0.317412,0.337668,-0.629807,0.623356
242172.0,0.01,-1.05,0.05,-0.317283,0.337075,-0.629811,0.623739
242183.0,0.02,-1.05,0.05,-0.317054,0.336724,-0.629928,0.623927
242192.0,0.02,-1.05,0.03,-0.316765,0.336646,-0.630008,0.624035
242202.0,0.02,-1.01,-0.05,-0.316511,0.33675,-0.629991,0.624124
242212.0,0.05,-0.95,-0.09,-0.316247,0.336881,-0.629835,0.624345
242223.0,0.04,-0.93,-0.1,-0.315988,0.336849,-0.629645,0.624686
242232.0,0.06,-0.93,-0.07,-0.31584,0.336539,-0.629401,0.625173
242242.0,0.06,-0.94,-0.05,-0.315805,0.336092,-0.629082,0.625752
242253.0,0.03,-0.98,-0.0,-0.315861,0.335469,-0.628876,0.626265
242262.0,0.01,-1.04,0.06,-0.316015,0.334734,-0.628771,0.626685
242272.0,-0.03,-1.06,0.03,-0.316166,0.334375,-0.628642,0.62693
242282.0,-0.02,-1.04,-0.01,-0.316229,0.334445,-0.628468,0.627035
242293.0,0.02,-1.02,-0.01,-0.316173,0.334749,-0.628161,0.627209
242302.0,0.01,-1.0,-0.02,-0.31605,0.335176,-0.627724,0.627481
242313.0,0.04,-0.97,-0.02,-0.315846,0.335479,-0.627279,0.627867
242322.0,0.01,-0.95,-0.07,-0.315574,0.335684,-0.626959,0.628212
242333.0,0.05,-0.93,-0.04,-0.315315,0.335619,-0.62668,0.628655
242342.0,0.06,-0.99,0.04,-0.315131,0.335336,-0.626294,0.629284
242353.0,0.03,-1.04,0.06,-0.315104,0.335092,-0.625974,0.629745
242363.0,0.06,-1.05,0.05,-0.315077,0.33507,-0.625714,0.630029
242372.0,0.04,-1.04,-0.01,-0.315066,0.33544,-0.625408,0.630142
242383.0,0.07,-1.0,-0.07,-0.315095,0.336017,-0.625016,0.630208
242392.0,0.11,-0.97,-0.05,-0.315089,0.33649,-0.624546,0.630425
242403.0,0.11,-0.99,-0.04,-0.315217,0.336709,-0.624073,0.630712
242412.0,0.06,-0.99,-0.03,-0.315406,0.336624,-0.6238,0.630934
242422.0,0.05,-0.98,0.01,-0.315559,0.33632,-0.623717,0.631101
242433.0,0.03,-1.01,-0.01,-0.315698,0.33602,-0.623801,0.631109
242442.0,-0.02,-1.04,-0.02,-0.31577,0.335695,-0.624073,0.630976
242452.0,-0.03,-1.03,-0.01,-0.315737,0.33554,-0.624283,0.630867
242463.0,0.01,-0.98,-0.09,-0.315686,0.335752,-0.624207,0.630856
242472.0,0.03,-0.95,-0.08,-0.315659,0.335953,-0.623892,0.631074
242483.0,0.03,-0.98,-0.04,-0.315761,0.335844,-0.623401,0.631565
242492.0,0.04,-0.99,0.03,-0.315946,0.33549,-0.622795,0.632259
242503.0,0.01,-1.04,0.07,-0.316255,0.33499,-0.622315,0.632842
242512.0,-0.02,-1.07,0.09,-0.316512,0.334408,-0.622134,0.633199
242523.0,-0.03,-1.11,0.08,-0.316676,0.334001,-0.622245,0.633223
242533.0,-0.01,-1.06,0.04,-0.316577,0.334018,-0.6224,0.633111
242542.0,0.01,-1.05,0.03,-0.316344,0.334216,-0.622586,0.63294
242553.0,0.04,-1.04,0.06,-0.315998,0.334328,-0.62275,0.632892
242562.0,0.06,-1.0,0.04,-0.315678,0.334531,-0.622706,0.632988
242573.0,0.09,-0.99,0.03,-0.315558,0.334868,-0.622477,0.633095
242583.0,0.08,-0.99,0.05,-0.315655,0.335386,-0.622029,0.633213
242592.0,0.05,-1.0,0.04,-0.315975,0.336075,-0.621458,0.633249
242603.0,0.0,-1.03,0.01,-0.316339,0.336824,-0.621042,0.633076
242612.0,-0.01,-1.04,0.01,-0.316576,0.337564,-0.620888,0.632716
242623.0,-0.01,-1.05,0.02,-0.316558,0.338367,-0.620928,0.632255
242632.0,0.0,-1.04,0.03,-0.316324,0.339218,-0.621047,0.6318
242643.0,0.12,-1.01,0.06,-0.315957,0.340277,-0.621026,0.631435
242652.0,0.14,-0.98,0.03,-0.315702,0.341657,-0.620729,0.631109
242663.0,0.14,-0.96,-0.05,-0.315703,0.343164,-0.620289,0.630724
242672.0,0.13,-0.94,-0.06,-0.315862,0.344514,-0.619905,0.630285
242683.0,0.1,-0.92,-0.1,-0.316093,0.345443,-0.619741,0.629822
242693.0,0.03,-0.98,-0.07,-0.316352,0.345714,-0.619983,0.629305
242703.0,-0.02,-0.99,-0.06,-0.316434,0.34551,-0.62049,0.628875
242713.0,-0.03,-0.99,-0.09,-0.316369,0.345198,-0.621084,0.628493
242723.0,-0.02,-1.02,-0.08,-0.31615,0.344807,-0.621648,0.628261
242732.0,-0.02,-1.01,-0.06,-0.315772,0.344314,-0.62215,0.628224
242743.0,0.04,-0.97,-0.03,-0.31531,0.343864,-0.622483,0.628372
242752.0,0.1,-0.96,-0.02,-0.314985,0.343544,-0.622513,0.62868
242763.0,0.06,-1.02,0.06,-0.314832,0.343269,-0.622433,0.628987
242773.0,0.04,-1.04,0.0,-0.314817,0.343074,-0.622382,0.62915
242783.0,0.04,-1.02,0.02,-0.314707,0.343007,-0.622455,0.629171
242793.0,0.01,-1.06,0.01,-0.314542,0.342925,-0.622673,0.629082
242803.0,0.03,-1.05,-0.0,-0.314297,0.342837,-0.622986,0.628942
242813.0,0.07,-1.02,0.01,-0.313866,0.342834,-0.623281,0.628867
242823.0,0.07,-1.01,0.01,-0.31338,0.342682,-0.623622,0.628855
242833.0,0.08,-1.0,0.01,-0.312935,0.342492,-0.623925,0.628879
242842.0,0.09,-0.97,-0.02,-0.312598,0.342458,-0.62408,0.628911
242853.0,0.05,-0.96,-0.04,-0.312413,0.342445,-0.624222,0.628869
242863.0,0.04,-0.95,-0.04,-0.31234,0.342381,-0.624324,0.628839
242873.0,0.02,-0.96,-0.05,-0.312346,0.34227,-0.624404,0.628817
242883.0,-0.01,-1.02,-0.02,-0.312413,0.342019,-0.624576,0.628749
242892.0,-0.02,-1.05,0.02,-0.312376,0.341724,-0.624786,0.62872
242903.0,-0.02,-1.05,-0.0,-0.312224,0.341705,-0.624898,0.628694
242913.0,0.01,-1.03,-0.04,-0.311999,0.342118,-0.624834,0.628645
242923.0,0.02,-1.0,-0.05,-0.31167,0.342736,-0.624641,0.628663
242933.0,0.05,-0.95,-0.09,-0.311256,0.343331,-0.624387,0.628796
242943.0,0.08,-0.95,-0.07,-0.310851,0.343637,-0.624165,0.62905
242953.0,0.09,-0.96,-0.02,-0.310532,0.343676,-0.623889,0.629459
242963.0,0.1,-0.96,-0.01,-0.310379,0.34371,-0.623551,0.629851
242973.0,0.1,-0.98,-0.01,-0.310353,0.34367,-0.623289,0.630145
242983.0,0.08,-1.0,0.03,-0.310301,0.343473,-0.623186,0.63038
242993.0,0.04,-1.03,0.02,-0.310194,0.343161,-0.623298,0.630491
243003.0,0.04,-1.04,0.02,-0.310017,0.342875,-0.623508,0.630527
243013.0,0.06,-1.0,0.01,-0.309798,0.342863,-0.62356,0.630589
243023.0,0.03,-1.0,-0.03,-0.309652,0.343072,-0.6235,0.630606
243033.0,0.03,-1.0,-0.05,-0.309557,0.343309,-0.62337,0.630654
243043.0,0.07,-0.94,-0.04,-0.30946,0.343594,-0.623147,0.630766
243053.0,0.09,-0.95,-0.03,-0.309447,0.343721,-0.622921,0.630926
243063.0,0.07,-0.98,0.01,-0.309488,0.343551,-0.622783,0.631135
243073.0,0.06,-1.02,0.02,-0.309598,0.343227,-0.622833,0.631208
243083.0,0.03,-1.06,0.04,-0.309683,0.342917,-0.622957,0.631212
243093.0,0.03,-1.01,-0.0,-0.309667,0.342845,-0.623046,0.631171
243103.0,0.03,-1.02,-0.03,-0.309603,0.342923,-0.623102,0.631105
243113.0,0.03,-1.03,-0.05,-0.309499,0.343003,-0.623138,0.631077
243123.0,0.05,-0.98,-0.03,-0.309303,0.343172,-0.623078,0.631141
243133.0,0.08,-0.98,-0.01,-0.309063,0.343331,-0.623002,0.631247
243143.0,0.08,-0.98,0.03,-0.308859,0.343462,-0.622936,0.631341
243153.0,0.1,-1.0,0.02,-0.308783,0.34372,-0.622835,0.631336
243163.0,0.12,-0.95,-0.04,-0.308647,0.344114,-0.622853,0.631171
243173.0,0.07,-0.97,-0.07,-0.308576,0.344334,-0.623016,0.630925
243183.0,0.06,-1.0,-0.05,-0.308598,0.344336,-0.623204,0.630727
243193.0,0.05,-0.98,-0.08,-0.308608,0.344322,-0.623302,0.630633
243203.0,0.06,-0.98,-0.08,-0.308607,0.344153,-0.623383,0.630646
243213.0,0.04,-0.97,-0.06,-0.308616,0.343815,-0.623435,0.630775
243223.0,0.02,-1.0,-0.05,-0.308668,0.343422,-0.623467,0.630931
243233.0,0.03,-0.99,-0.04,-0.308697,0.343015,-0.623474,0.631131
243243.0,0.03,-1.0,-0.02,-0.308652,0.342588,-0.623537,0.631324
243253.0,-0.0,-1.04,0.0,-0.30856,0.342075,-0.623635,0.631549
243263.0,0.02,-1.04,0.02,-0.308402,0.341662,-0.623684,0.631802
243273.0,0.04,-1.03,0.06,-0.308147,0.341433,-0.623638,0.632095
243283.0,0.05,-1.02,0.05,-0.307909,0.341355,-0.623619,0.632272
243293.0,0.06,-1.02,0.04,-0.30773,0.341375,-0.623562,0.632405
243303.0,0.08,-1.01,0.06,-0.307565,0.341534,-0.623423,0.632537
243313.0,0.07,-1.01,0.0,-0.307467,0.341818,-0.623329,0.632523
243323.0,0.06,-0.99,-0.06,-0.307398,0.342141,-0.623261,0.632449
243333.0,0.07,-0.98,-0.04,-0.307276,0.342533,-0.623128,0.632427
243343.0,0.07,-0.96,-0.08,-0.307289,0.343027,-0.622933,0.632346
243353.0,0.05,-0.97,-0.1,-0.307307,0.343309,-0.622808,0.632306
